"","X","LOCATION","SHELTER_ID","the_geom","AT_BETWEEN","LONGITUDE","LATITUDE","zipcode"
"1",1491,"WATER ST","MN0003","POINT (-74.011064 40.702911)","BROAD ST",-74.011064,40.702911,10004
"2",1492,"WATER ST","MN0004","POINT (-74.007033 40.705301)","WALL ST",-74.007033,40.705301,10005
"3",1493,"PEARL ST","MN0007","POINT (-74.002906 40.708661)","PECK SLIP ST",-74.002906,40.708661,10038
"4",1494,"PEARL ST","MN0008","POINT (-74.002084 40.709025)","PECK SLIP ST",-74.002084,40.709025,10038
"5",1495,"PEARL ST","MN0009","POINT (-74.002178 40.70922900000001)","FRANKFORT ST",-74.002178,40.709229,10038
"6",1496,"FRANKFORT ST","MN0010","POINT (-74.001878 40.709547)","PEARL ST",-74.001878,40.709547,10038
"7",1497,"PEARL ST","MN0011","POINT (-74.00077 40.710473)","ROBERT F WAGNER Pl",-74.00077,40.710473,10038
"8",1498,"MADISON ST","MN0013","POINT (-73.999406 40.711889)","ST JAMES ST",-73.999406,40.711889,10038
"9",1499,"PARK ROW","MN0017","POINT (-74.006176 40.711813)","SPRUCE ST",-74.006176,40.711813,10038
"10",1500,"PARK ROW","MN0018","POINT (-74.00667 40.71169600000001)","BEEKMAN ST",-74.00667,40.711696,10038
"11",1501,"W BROADWAY","MN0019","POINT (-74.008651 40.716405)","DUANE ST",-74.008651,40.716405,10013
"12",1502,"VARICK ST","MN0023","POINT (-74.005717 40.726882)","CHARLTON ST",-74.005717,40.726882,10013
"13",1503,"6 AV","MN0024","POINT (-74.002559 40.728643)","W HOUSTON ST",-74.002559,40.728643,10014
"14",1504,"HOUSTON ST BETWEEN MERCER ST & GREENE ST","MN0025","POINT (-73.99783 40.72608000000001)","BETWEEN MERCER ST & GREENE ST",-73.99783,40.72608,10012
"15",1505,"W HOUSTON ST","MN0026","POINT (-73.999644 40.726979)","LA GUARDIA PL",-73.999644,40.726979,10012
"16",1506,"BOWERY","MN0027","POINT (-73.996399 40.715986)","CANAL ST",-73.996399,40.715986,10013
"17",1507,"GRAND ST","MN0031","POINT (-73.984556 40.715411)","PITT ST",-73.984556,40.715411,10002
"18",1508,"GRAND ST","MN0032","POINT (-73.981456 40.714516)","KAZAN ST",-73.981456,40.714516,10002
"19",1509,"GRAND ST","MN0034","POINT (-73.977907 40.71325)","FDR DR",-73.977907,40.71325,10002
"20",1510,"GRAND ST","MN0035","POINT (-73.978193 40.713563)","FDR DR",-73.978193,40.713563,10002
"21",1511,"AV A","MN0036","POINT (-73.985035 40.723834)","E 3 ST",-73.985035,40.723834,10009
"22",1512,"1 AV","MN0037","POINT (-73.988258 40.723429)","E 1 ST",-73.988258,40.723429,10009
"23",1513,"1 AV","MN0040","POINT (-73.982282 40.731525)","E 14 ST",-73.982282,40.731525,10003
"24",1514,"1 AV","MN0041","POINT (-73.981133 40.733105)","E 17 ST",-73.981133,40.733105,10003
"25",1515,"1 AV","MN0042","POINT (-73.97953 40.735304)","E 20 ST",-73.97953,40.735304,10010
"26",1516,"E 20 ST","MN0043","POINT (-73.978642 40.734614)","1 AV",-73.978642,40.734614,10010
"27",1517,"1 AV","MN0044","POINT (-73.978044 40.73734600000001)","E 23 ST",-73.978044,40.737346,10010
"28",1518,"E 23 ST","MN0045","POINT (-73.979064 40.737226)","1 AV",-73.979064,40.737226,10010
"29",1519,"1 AV","MN0048","POINT (-73.976856 40.738963)","E 26 ST",-73.976856,40.738963,10016
"30",1520,"E 42 ST","MN0052","POINT (-73.970515 40.749219000000004)","1 AV",-73.970515,40.749219,10017
"31",1521,"1 AV","MN0053","POINT (-73.969341 40.749211)","E 42 ST",-73.969341,40.749211,10017
"32",1522,"1 AV","MN0054","POINT (-73.968391 40.750595)","E 45 ST",-73.968391,40.750595,10017
"33",1523,"1 AV","MN0057","POINT (-73.966189 40.753602)","MITCHELL PL",-73.966189,40.753602,10022
"34",1524,"E 49 ST","MN0058","POINT (-73.967047 40.753497)","1 AV",-73.967047,40.753497,10017
"35",1525,"1 AV","MN0059","POINT (-73.959317 40.763024)","E 64 ST",-73.959317,40.763024,10065
"36",1526,"1 AV","MN0061","POINT (-73.963507 40.757283)","E 55 ST",-73.963507,40.757283,10022
"37",1527,"1 AV","MN0062","POINT (-73.962623 40.758493)","E 57 ST",-73.962623,40.758493,10022
"38",1528,"1 AV","MN0067","POINT (-73.957881 40.764996)","E 67 ST",-73.957881,40.764996,10065
"39",1529,"1 AV","MN0068","POINT (-73.955691 40.768014)","E 72 ST",-73.955691,40.768014,10021
"40",1530,"E 72 ST","MN0069","POINT (-73.95627 40.768021)","1 AV",-73.95627,40.768021,10021
"41",1531,"1 AV","MN0070","POINT (-73.95215 40.77285)","E 79 St",-73.95215,40.77285,10075
"42",1532,"E 79 ST","MN0071","POINT (-73.952397 40.772326)","1 AV",-73.952397,40.772326,10075
"43",1533,"1 AV","MN0074","POINT (-73.94763400000001 40.779036)","E 89 ST",-73.947634,40.779036,10128
"44",1534,"1 AV","MN0075","POINT (-73.945841 40.781452)","E 93 ST",-73.945841,40.781452,10128
"45",1535,"YORK AV","MN0077","POINT (-73.947031 40.776262)","E 86 ST",-73.947031,40.776262,10028
"46",1536,"YORK AV","MN0078","POINT (-73.949271 40.7732)","E 82 ST",-73.949271,40.7732,10028
"47",1537,"YORK AV","MN0079","POINT (-73.950765 40.77115)","E 79 ST",-73.950765,40.77115,10075
"48",1538,"E 79 ST","MN0080","POINT (-73.950665 40.771595)","YORK AV",-73.950665,40.771595,10075
"49",1539,"E 79 ST","MN0082","POINT (-73.948311 40.770601)","EAST END AV",-73.948311,40.770601,10075
"50",1540,"YORK AVE","MN0083","POINT (-73.952539 40.768357)","@ E 74TH ST",-73.952539,40.768357,10021
"51",1541,"YORK AV","MN0084","POINT (-73.95404000000002 40.766662)","E 72 ST",-73.95404,40.766662,10021
"52",1542,"YORK AV","MN0085","POINT (-73.953426 40.7671)","E 72 ST",-73.953426,40.7671,10021
"53",1543,"E 72 ST","MN0086","POINT (-73.954025 40.766868)","YORK AV",-73.954025,40.766868,10021
"54",1544,"YORK AV","MN0089","POINT (-73.955164 40.76512)","E 69 ST",-73.955164,40.76512,10021
"55",1545,"E 97 ST","MN0091","POINT (-73.946288 40.7849)","2 AV",-73.946288,40.7849,10029
"56",1546,"2 AV","MN0092","POINT (-73.946589 40.785189)","E 97 ST",-73.946589,40.785189,10029
"57",1547,"E 96 ST","MN0093","POINT (-73.947414 40.784504)","2 AV",-73.947414,40.784504,10128
"58",1548,"2 AV","MN0097","POINT (-73.94840600000002 40.782671)","E 94 ST",-73.948406,40.782671,10128
"59",1549,"ST NICHOLAS AV","MN01000","POINT (-73.929955 40.854695)","W 190 ST",-73.929955,40.854695,10040
"60",1550,"BROADWAY","MN01001","POINT (-73.944547 40.834202)","W 157 ST",-73.944547,40.834202,10032
"61",1551,"3 AV","MN01002","POINT (-73.94616 40.789307)","E 102 ST",-73.94616,40.789307,10029
"62",1552,"3 AV","MN01005","POINT (-73.944332 40.79182)","E 106 ST",-73.944332,40.79182,10029
"63",1553,"ADAM CLAYTON POWELL BLVD","MN01006","POINT (-73.952176 40.803386)","W 116 ST",-73.952176,40.803386,10026
"64",1554,"W 116 ST","MN01007","POINT (-73.952078 40.802923)","ADAM CLAYTON POWELL BLVD",-73.952078,40.802923,10026
"65",1555,"FREDERICK DOUGLASS BLVD","MN01009","POINT (-73.955667 40.80419)","W 116 ST",-73.955667,40.80419,10026
"66",1556,"2 AV","MN0101","POINT (-73.953924 40.775101)","E 82 ST",-73.953924,40.775101,10028
"67",1557,"BROADWAY","MN01010","POINT (-73.942939 40.837042)","W 162 ST",-73.942939,40.837042,10032
"68",1558,"5 AV","MN01014","POINT (-73.94674 40.800486)","W 116 ST",-73.94674,40.800486,10026
"69",1559,"2 AV","MN01016","POINT (-73.942834 40.790278)","E 106 ST",-73.942834,40.790278,10029
"70",1560,"MADISON AV","MN01017","POINT (-73.940374 40.805964)","E 125 ST",-73.940374,40.805964,10035
"71",1561,"2 AV","MN0102","POINT (-73.955382 40.773091)","E 79 ST",-73.955382,40.773091,10075
"72",1562,"BROADWAY","MN01020","POINT (-73.939014 40.843441)","W 171 ST",-73.939014,40.843441,10032
"73",1563,"E 97 ST","MN01023","POINT (-73.945008 40.784343)","1 AV",-73.945008,40.784343,10029
"74",1564,"E 14 ST","MN01025","POINT (-73.993108 40.735681)","5 AV",-73.993108,40.735681,10003
"75",1565,"E 14 ST","MN01027","POINT (-73.9875 40.733521)","3 AV",-73.9875,40.733521,10003
"76",1566,"AV A","MN01029","POINT (-73.9815 40.72867)","E 11 ST",-73.9815,40.72867,10009
"77",1567,"E 79 ST","MN0103","POINT (-73.955293 40.77354)","2 AV",-73.955293,40.77354,10075
"78",1568,"AMSTERDAM AV","MN01031","POINT (-73.935393 40.842153)","W 172 ST",-73.935393,40.842153,10032
"79",1569,"8 AV","MN01033","POINT (-73.998178 40.74548)","W 23 ST",-73.998178,40.74548,10011
"80",1570,"8 AV","MN01034","POINT (-73.984892 40.763717)","W 52 ST",-73.984892,40.763717,10019
"81",1571,"E HOUSTON ST","MN01035","POINT (-73.990536 40.723352)","@ FORSYTH ST",-73.990536,40.723352,10002
"82",1572,"E 135 ST","MN01037","POINT (-73.937407 40.812525)","5 AV",-73.937407,40.812525,10037
"83",1573,"W 116 ST","MN01038","POINT (-73.955732 40.804445)","FREDERICK DOUGLASS BLVD",-73.955732,40.804445,10026
"84",1574,"COLUMBUS AV","MN01039","POINT (-73.961316 40.801571)","W 110 ST",-73.961316,40.801571,10025
"85",1575,"AMSTERDAM AV","MN01040","POINT (-73.964064 40.802483)","W 109 ST",-73.964064,40.802483,10025
"86",1576,"W 96TH ST","MN01042","POINT (-73.970161 40.793855)","@ AMSTERDAM AVE",-73.970161,40.793855,10025
"87",1577,"BROADWAY","MN01043","POINT (-73.943867 40.835774)","W 160 ST",-73.943867,40.835774,10032
"88",1578,"W 135 ST","MN01047","POINT (-73.955559 40.820426)","BROADWAY",-73.955559,40.820426,10031
"89",1579,"W 110 ST","MN01048","POINT (-73.958942 40.801006)","FREDERICK DOUGLASS BLVD",-73.958942,40.801006,10026
"90",1580,"EDWARD MORGAN PL","MN01049","POINT (-73.945581 40.834582)","W 157 ST",-73.945581,40.834582,10032
"91",1581,"W 96 ST","MN01050","POINT (-73.970033 40.794031)","AMSTERDAM AV",-73.970033,40.794031,10025
"92",1582,"COLUMBUS AV","MN01052","POINT (-73.967338 40.793313)","W 97 ST",-73.967338,40.793313,10025
"93",1583,"BROADWAY","MN01053","POINT (-73.950488 40.826715)","W 145 ST",-73.950488,40.826715,10031
"94",1584,"AMSTERDAM AV","MN01058","POINT (-73.966385 40.79931)","W 104 ST",-73.966385,40.79931,10025
"95",1585,"W 34 ST","MN01060","POINT (-73.995985 40.753353)","9 AV",-73.995985,40.753353,10001
"96",1586,"AMSTERDAM AV","MN01062","POINT (-73.95807100000002 40.811105)","W 123 ST",-73.958071,40.811105,10027
"97",1587,"W 146 ST","MN01063","POINT (-73.93605 40.821187)","MALCOLM X BLVD",-73.93605,40.821187,10039
"98",1588,"WEST END AV","MN01064","POINT (-73.986331 40.777525)","W 69 ST",-73.986331,40.777525,10023
"99",1589,"W 96 ST","MN01065","POINT (-73.972165 40.794706)","WEST END AV",-73.972165,40.794706,10025
"100",1590,"SOUTH END AV","MN01066","POINT (-74.016438 40.709643)","ALBANY ST",-74.016438,40.709643,10280
"101",1591,"W THAMES ST","MN01068","POINT (-74.017108 40.708452)","SOUTH END AV",-74.017108,40.708452,10280
"102",1592,"E 72 ST","MN0107","POINT (-73.958676 40.768813)","2 AV",-73.958676,40.768813,10021
"103",1593,"W 42 ST","MN01070","POINT (-73.995767 40.759881)","10 AV",-73.995767,40.759881,10036
"104",1594,"WATER ST","MN01074","POINT (-74.006383 40.706016)","MAIDEN LANE",-74.006383,40.706016,10005
"105",1595,"WATER ST","MN01075","POINT (-74.009351 40.70398500000001)","HANOVER SQ",-74.009351,40.703985,10005
"106",1596,"MADISON ST","MN01076","POINT (-73.984655 40.713026)","MONTGOMERY ST",-73.984655,40.713026,10002
"107",1597,"MADISON ST","MN01077","POINT (-73.986483 40.712858)","CLINTON ST",-73.986483,40.712858,10002
"108",1598,"AV C","MN01079","POINT (-73.979467 40.723087)","E 5 ST",-73.979467,40.723087,10009
"109",1599,"E 72 ST","MN0108","POINT (-73.958667 40.769003)","2 AV",-73.958667,40.769003,10021
"110",1600,"AV D","MN01080","POINT (-73.97833 40.720377)","E HOUSTON ST",-73.97833,40.720377,10009
"111",1601,"W 50 ST","MN01083","POINT (-73.994861 40.765902)","11 AV",-73.994861,40.765902,10019
"112",1602,"W 23 ST","MN01084","POINT (-73.996099 40.744393)","7 AV",-73.996099,40.744393,10011
"113",1603,"MADISON AV","MN01085","POINT (-73.950469 40.792115)","E 104 ST",-73.950469,40.792115,10029
"114",1604,"MADISON AV","MN01086","POINT (-73.949529 40.793388)","E 106 ST",-73.949529,40.793388,10029
"115",1605,"E 116 ST","MN01088","POINT (-73.945174 40.800239)","MADISON AV",-73.945174,40.800239,10029
"116",1606,"E 116 ST","MN01089","POINT (-73.946164 40.800658)","5 AV",-73.946164,40.800658,10029
"117",1607,"MADISON AV","MN01090","POINT (-73.945847 40.798439)","E 114 ST",-73.945847,40.798439,10029
"118",1608,"MADISON AV","MN01091","POINT (-73.939448 40.807233)","E 127 ST",-73.939448,40.807233,10035
"119",1609,"E 116 ST","MN01092","POINT (-73.942829 40.799248)","PARK AV",-73.942829,40.799248,10029
"120",1610,"E 10 ST","MN01093","POINT (-73.975629 40.725168)","AV D",-73.975629,40.725168,10009
"121",1611,"1 AV","MN01096","POINT (-73.943024 40.785346)","E 99 ST",-73.943024,40.785346,10029
"122",1612,"1 AV","MN01097","POINT (-73.941564 40.787357)","E 102 ST",-73.941564,40.787357,10029
"123",1613,"1 AV","MN01098","POINT (-73.937282 40.793212)","E 111 ST",-73.937282,40.793212,10029
"124",1614,"E 116 ST","MN01099","POINT (-73.938086 40.797251)","2 AV",-73.938086,40.797251,10029
"125",1615,"2 AV","MN0110","POINT (-73.960501 40.766086)","E 68 ST",-73.960501,40.766086,10065
"126",1616,"MADISON AV","MN01102","POINT (-73.951831 40.790204)","E 101 ST",-73.951831,40.790204,10029
"127",1617,"MADISON AV","MN01103","POINT (-73.951025 40.79133)","E 102 ST",-73.951025,40.79133,10029
"128",1618,"2 AV","MN01105","POINT (-73.933917 40.802499)","E 125 ST",-73.933917,40.802499,10035
"129",1619,"FT GEORGE AV","MN01106","POINT (-73.927983 40.85707)","FT GEORGE HILL",-73.927983,40.85707,10040
"130",1620,"AMSTERDAM AV","MN01108","POINT (-73.935342 40.841814)","W 171 ST",-73.935342,40.841814,10032
"131",1621,"BROADWAY","MN01109","POINT (-73.933524 40.855098)","W 189 ST",-73.933524,40.855098,10040
"132",1622,"BROADWAY","MN01110","POINT (-73.939848 40.841283000000004)","W 168 ST",-73.939848,40.841283,10032
"133",1623,"BROADWAY","MN01112","POINT (-73.942061 40.838253)","W 164 ST",-73.942061,40.838253,10032
"134",1624,"E 23 ST","MN01113","POINT (-73.98133400000002 40.738174)","2 AV",-73.981334,40.738174,10010
"135",1625,"DELANCEY ST","MN01116","POINT (-73.980305 40.716474)","COLUMBIA ST",-73.980305,40.716474,10002
"136",1626,"BROADWAY","MN01117","POINT (-73.931398 40.85952100000001)","BENNETT AV",-73.931398,40.859521,10040
"137",1627,"BROADWAY","MN01118","POINT (-73.931579 40.858472)","W 193 ST",-73.931579,40.858472,10040
"138",1628,"FT WASHINGTON AV","MN01119","POINT (-73.940883 40.844263)","W 171 ST",-73.940883,40.844263,10032
"139",1629,"2 AV","MN0112","POINT (-73.9623 40.763614)","E 64 ST",-73.9623,40.763614,10065
"140",1630,"BROADWAY","MN01120","POINT (-73.939214 40.843755)","W 172 ST",-73.939214,40.843755,10032
"141",1631,"BROADWAY","MN01122","POINT (-73.914343 40.870861)","W 218 ST",-73.914343,40.870861,10034
"142",1632,"COLUMBUS AV","MN01123","POINT (-73.96878 40.791345)","W 94 ST",-73.96878,40.791345,10025
"143",1633,"10 AV","MN01127","POINT (-73.993809 40.76172)","W 45 ST",-73.993809,40.76172,10036
"144",1634,"W 57 ST","MN01128","POINT (-73.985999 40.768146)","9 AV",-73.985999,40.768146,10019
"145",1635,"W 14 ST","MN01129","POINT (-74.002919 40.740017)","8 AV",-74.002919,40.740017,10011
"146",1636,"2 AV","MN0113","POINT (-73.968814 40.754717)","E 50 ST",-73.968814,40.754717,10022
"147",1637,"9 AV","MN01130","POINT (-73.996624 40.753183)","W 34 ST",-73.996624,40.753183,10001
"148",1638,"10 AV","MN01131","POINT (-74.004841 40.74657400000001)","W 21 ST",-74.004841,40.746574,10011
"149",1639,"10 AV","MN01132","POINT (-74.002006 40.750422)","W 27 ST",-74.002006,40.750422,10001
"150",1640,"E 23 ST","MN01133","POINT (-73.978193 40.73663)","1 AV",-73.978193,40.73663,10010
"151",1641,"HUDSON ST","MN01134","POINT (-74.00591 40.73544)","PERRY ST",-74.00591,40.73544,10014
"152",1642,"10 AV","MN01136","POINT (-74.003877 40.747852)","W 23 ST",-74.003877,40.747852,10011
"153",1643,"W 42 ST","MN01137","POINT (-73.992386 40.758213)","9 AV",-73.992386,40.758213,10036
"154",1644,"W 96 ST","MN01138","POINT (-73.96728 40.792645)","COLUMBUS AV",-73.96728,40.792645,10025
"155",1645,"COLUMBUS AV","MN01139","POINT (-73.973407 40.785)","W 84 ST",-73.973407,40.785,10024
"156",1646,"2 AV","MN0114","POINT (-73.963805 40.761582)","E 61 ST",-73.963805,40.761582,10065
"157",1647,"10 AV","MN01141","POINT (-73.994755 40.760429)","W 42 ST",-73.994755,40.760429,10036
"158",1648,"BOWERY","MN01142","POINT (-73.993466 40.722239)","PRINCE ST",-73.993466,40.722239,10012
"159",1649,"AV C","MN01143","POINT (-73.978612 40.724252)","E 7 ST",-73.978612,40.724252,10009
"160",1650,"E HOUSTON ST","MN01144","POINT (-73.978409 40.719632)","Columbia St",-73.978409,40.719632,10002
"161",1651,"W HOUSTON ST","MN01145","POINT (-73.999719 40.726652)","W BROADWAY",-73.999719,40.726652,10012
"162",1652,"AMSTERDAM AV","MN01146","POINT (-73.954403 40.816135)","W 131 ST",-73.954403,40.816135,10027
"163",1653,"FT WASHINGTON AV","MN01147","POINT (-73.93727500000001 40.853564)","W 185 ST",-73.937275,40.853564,10033
"164",1654,"BROADWAY","MN01148","POINT (-73.9824 40.775272)","W 68 ST",-73.9824,40.775272,10023
"165",1655,"AV D","MN01149","POINT (-73.977124 40.722019)","E 5 ST",-73.977124,40.722019,10009
"166",1656,"W 66 ST","MN01150","POINT (-73.982693 40.774115)","BROADWAY",-73.982693,40.774115,10023
"167",1657,"W 66 ST","MN01151","POINT (-73.981304 40.773523)","COLUMBUS AV",-73.981304,40.773523,10023
"168",1658,"W 72 ST","MN01152","POINT (-73.982553 40.778881)","BROADWAY",-73.982553,40.778881,10023
"169",1659,"COLUMBUS AV","MN01153","POINT (-73.971057 40.788221)","W 89 ST",-73.971057,40.788221,10024
"170",1660,"E 72 ST","MN01156","POINT (-73.955697 40.767572)","1 AV",-73.955697,40.767572,10021
"171",1661,"BOWERY","MN01159","POINT (-73.996565 40.715146)","BAYARD ST",-73.996565,40.715146,10002
"172",1662,"YORK AV","MN01160","POINT (-73.957551 40.761414)","E 63 ST",-73.957551,40.761414,10065
"173",1663,"YORK AV","MN01161","POINT (-73.951606 40.769589)","E 76 ST",-73.951606,40.769589,10075
"174",1664,"6 AV","MN01166","POINT (-74.005119 40.722416)","CANAL ST",-74.005119,40.722416,10013
"175",1665,"E HOUSTON ST","MN01167","POINT (-73.991512 40.723962)","2 AV",-73.991512,40.723962,10002
"176",1666,"E HOUSTON ST","MN01168","POINT (-73.984017 40.721685)","AV B",-73.984017,40.721685,10002
"177",1667,"2 AV","MN0117","POINT (-73.966982 40.757219)","E 54 ST",-73.966982,40.757219,10022
"178",1668,"YORK AV","MN01171","POINT (-73.956198 40.763257)","E 66 ST",-73.956198,40.763257,10065
"179",1669,"YORK AV","MN01172","POINT (-73.950093 40.77166)","E 79 ST",-73.950093,40.77166,10075
"180",1670,"YORK AV","MN01173","POINT (-73.948714 40.773534)","E 82 ST",-73.948714,40.773534,10028
"181",1671,"YORK AV","MN01174","POINT (-73.946448 40.777069)","E 88 ST",-73.946448,40.777069,10128
"182",1672,"YORK AV","MN01175","POINT (-73.94837100000001 40.774431)","E 84 ST",-73.948371,40.774431,10028
"183",1673,"YORK AV","MN01176","POINT (-73.951657 40.769926)","E 77 ST",-73.951657,40.769926,10075
"184",1674,"LEXINGTON AV","MN01177","POINT (-73.949994 40.787354)","E 98 ST",-73.949994,40.787354,10029
"185",1675,"E 57 ST","MN0118","POINT (-73.965533 40.759521)","2 AV",-73.965533,40.759521,10022
"186",1676,"10 AV","MN01180","POINT (-73.990441 40.766333)","W 53 ST",-73.990441,40.766333,10019
"187",1677,"CHURCH ST","MN01181","POINT (-74.007646 40.715132)","CHAMBERS  ST",-74.007646,40.715132,10007
"188",1678,"5 AV","MN01182","POINT (-73.988472 40.743288)","W 26 ST",-73.988472,40.743288,10010
"189",1679,"W 86 ST","MN01185","POINT (-73.974663 40.787653)","AMSTERDAM AV",-73.974663,40.787653,10024
"190",1680,"BROADWAY","MN01186","POINT (-73.933088 40.855587)","W 189 ST",-73.933088,40.855587,10040
"191",1681,"FT WASHINGTON AV","MN01187","POINT (-73.937648 40.852363)","W 183 ST",-73.937648,40.852363,10033
"192",1682,"BROADWAY","MN01188","POINT (-73.977196 40.787216)","W 84 ST",-73.977196,40.787216,10024
"193",1683,"W 65 ST","MN01191","POINT (-73.981521 40.772698)","BROADWAY",-73.981521,40.772698,10023
"194",1684,"AV C","MN01192","POINT (-73.980825 40.721506)","E 3 ST",-73.980825,40.721506,10009
"195",1685,"3 AV","MN01198","POINT (-73.960182 40.770093)","E 72 ST",-73.960182,40.770093,10021
"196",1686,"10 AV","MN01200","POINT (-73.98858 40.76888700000001)","W 57 ST",-73.98858,40.768887,10019
"197",1687,"COLUMBIA ST","MN01201","POINT (-73.979761 40.717729)","RIVINGTON ST",-73.979761,40.717729,10002
"198",1688,"AV A","MN01202","POINT (-73.985531 40.723484000000006)","E 3 ST",-73.985531,40.723484,10009
"199",1689,"ESSEX ST","MN01203","POINT (-73.988895 40.716964)","GRAND ST",-73.988895,40.716964,10002
"200",1690,"MADISON ST","MN01204","POINT (-73.985512 40.713104)","MONTGOMERY ST",-73.985512,40.713104,10002
"201",1691,"W 57 ST","MN01205","POINT (-73.985329 40.767647)","9 AV",-73.985329,40.767647,10019
"202",1692,"W 66 ST","MN01206","POINT (-73.986528 40.775826)","WEST END AV",-73.986528,40.775826,10023
"203",1693,"E 116 ST","MN01209","POINT (-73.939763 40.797731)","3 AV",-73.939763,40.797731,10029
"204",1694,"E 116 ST","MN01210","POINT (-73.935053 40.795969)","1 AV",-73.935053,40.795969,10035
"205",1695,"MADISON AV","MN01211","POINT (-73.948728 40.794504)","E 107 ST",-73.948728,40.794504,10029
"206",1696,"YORK AV","MN01212","POINT (-73.956358 40.763493)","E 67 ST",-73.956358,40.763493,10065
"207",1697,"6 AV","MN01213","POINT (-74.005098 40.72106)","W BROADWAY",-74.005098,40.72106,10013
"208",1698,"3 AV","MN01214","POINT (-73.98274 40.739158)","E 24 ST",-73.98274,40.739158,10010
"209",1699,"ST NICHOLAS AV","MN01217","POINT (-73.946484 40.820098)","W 139 ST",-73.946484,40.820098,10030
"210",1700,"FREDERICK DOUGLASS BLVD","MN01218","POINT (-73.957483 40.801362)","W 111 ST",-73.957483,40.801362,10026
"211",1701,"FREDERICK DOUGLASS BLVD","MN01219","POINT (-73.95003 40.811943)","W 128 ST",-73.95003,40.811943,10027
"212",1702,"FREDERICK DOUGLASS BLVD","MN01220","POINT (-73.949316 40.812926)","W 129 ST",-73.949316,40.812926,10027
"213",1703,"BROADWAY","MN01221","POINT (-73.939367 40.842671)","W 170 ST",-73.939367,40.842671,10032
"214",1704,"W 110 ST","MN01222","POINT (-73.960726 40.801469000000004)","COLUMBUS AV",-73.960726,40.801469,10025
"215",1705,"BROADWAY","MN01226","POINT (-73.961497 40.811627)","W 122 ST",-73.961497,40.811627,10027
"216",1706,"AMSTERDAM AV","MN01227","POINT (-73.948266 40.824133)","W 143 ST",-73.948266,40.824133,10031
"217",1707,"MADISON AV","MN01230","POINT (-73.98457 40.7454)","E 30 ST",-73.98457,40.7454,10016
"218",1708,"MADISON AV","MN01231","POINT (-73.983661 40.746649)","E 32 ST & E 33 ST",-73.983661,40.746649,10016
"219",1709,"RIVERSIDE DR WEST","MN01232","POINT (-73.948494 40.835995)","W 158 ST & W 160 ST",-73.948494,40.835995,10032
"220",1710,"8 AV","MN01234","POINT (-73.982494 40.767031)","W 57 ST",-73.982494,40.767031,10019
"221",1711,"MADISON AV","MN01236","POINT (-73.942238 40.803446)","E 121 ST",-73.942238,40.803446,10035
"222",1712,"W 57 ST","MN01237","POINT (-73.981472 40.766022)","BROADWAY",-73.981472,40.766022,10019
"223",1713,"BROADWAY","MN01238","POINT (-73.943611 40.83547600000001)","W 159 ST",-73.943611,40.835476,10032
"224",1714,"AMSTERDAM AV","MN01239","POINT (-73.941866 40.833301)","W 158 ST",-73.941866,40.833301,10032
"225",1715,"W 57 ST","MN01242","POINT (-73.976838 40.764058)","6 AV",-73.976838,40.764058,10019
"226",1716,"W 57 ST","MN01244","POINT (-73.982276 40.766575)","BROADWAY",-73.982276,40.766575,10019
"227",1717,"EDGECOMBE AV","MN01246","POINT (-73.937214 40.836276)","W 164 ST",-73.937214,40.836276,10032
"228",1718,"W 106 ST","MN01247","POINT (-73.962648 40.799034)","COLUMBUS AV",-73.962648,40.799034,10025
"229",1719,"E 23 ST","MN01249","POINT (-73.98055 40.737619)","2 AV",-73.98055,40.737619,10010
"230",1720,"AMSTERDAM AV","MN01250","POINT (-73.96813 40.796912)","W 100 ST",-73.96813,40.796912,10025
"231",1721,"W 14 ST","MN01251","POINT (-73.999353 40.738307)","7 AV",-73.999353,40.738307,10011
"232",1722,"BROADWAY","MN01253","POINT (-73.978888 40.785642)","W 82 ST",-73.978888,40.785642,10024
"233",1723,"E 106 ST","MN01254","POINT (-73.942721 40.79085200000001)","2 AV",-73.942721,40.790852,10029
"234",1724,"W 110 ST","MN01255","POINT (-73.9594 40.8009)","MANHATTAN AV",-73.9594,40.8009,10026
"235",1725,"FREDERICK DOUGLASS BLVD","MN01257","POINT (-73.942595 40.82172)","W 143 ST",-73.942595,40.82172,10030
"236",1726,"FREDERICK DOUGLASS BLVD","MN01258","POINT (-73.949873 40.811747)","W 127 ST",-73.949873,40.811747,10027
"237",1727,"FREDERICK DOUGLASS BLVD","MN01259","POINT (-73.943463 40.820522)","W 141 ST",-73.943463,40.820522,10030
"238",1728,"2 AV","MN0126","POINT (-73.972567 40.749556)","E 42 ST",-73.972567,40.749556,10017
"239",1729,"ADAM CLAYTON POWELL BLVD","MN01260","POINT (-73.937994 40.823443)","W 148 ST",-73.937994,40.823443,10039
"240",1730,"ADAM CLAYTON POWELL BLVD","MN01261","POINT (-73.937803 40.823067)","W 147 ST",-73.937803,40.823067,10039
"241",1731,"ADAM CLAYTON POWELL BLVD","MN01262","POINT (-73.947291 40.810744)","W 128 ST",-73.947291,40.810744,10027
"242",1732,"AMSTERDAM AV","MN01264","POINT (-73.983692 40.775589)","W 67 ST",-73.983692,40.775589,10023
"243",1733,"WORTH ST","MN01265","POINT (-74.005671 40.71673)","CHURCH ST",-74.005671,40.71673,10013
"244",1734,"5 AV","MN01267","POINT (-73.945807 40.801787)","W 118 ST",-73.945807,40.801787,10035
"245",1735,"FREDERICK DOUGLASS BLVD","MN01268","POINT (-73.949044 40.812874)","W 129 ST",-73.949044,40.812874,10027
"246",1736,"ADAM CLAYTON POWELL BLVD","MN01269","POINT (-73.936951 40.824246)","W 149 ST",-73.936951,40.824246,10039
"247",1737,"E 42 ST","MN0127","POINT (-73.97249600000002 40.750054)","2 AV",-73.972496,40.750054,10017
"248",1738,"BROADWAY","MN01270","POINT (-73.982018 40.77415)","W 66 ST",-73.982018,40.77415,10023
"249",1739,"3 AV","MN01271","POINT (-73.953468 40.779304)","E 87 ST",-73.953468,40.779304,10028
"250",1740,"AMSTERDAM AV","MN01273","POINT (-73.944407 40.829829)","W 152 ST",-73.944407,40.829829,10031
"251",1741,"ST NICHOLAS AV","MN01274","POINT (-73.946314 40.821075)","W 141 ST",-73.946314,40.821075,10030
"252",1742,"9 AV","MN01275","POINT (-73.985047 40.769046)","W 59 ST",-73.985047,40.769046,10019
"253",1743,"TRINITY PL","MN01276","POINT (-74.01258 40.708184)","RECTOR ST",-74.01258,40.708184,10006
"254",1744,"E 23 ST","MN01281","POINT (-73.981214 40.737902)","2 AV",-73.981214,40.737902,10010
"255",1745,"MADISON ST","MN01282","POINT (-73.991971 40.712399)","PIKE ST",-73.991971,40.712399,10002
"256",1746,"MADISON ST","MN01283","POINT (-73.992098 40.712556)","PIKE ST",-73.992098,40.712556,10002
"257",1747,"E 86 ST","MN01284","POINT (-73.949086 40.776869)","1 AV",-73.949086,40.776869,10028
"258",1748,"7 AV","MN01287","POINT (-73.997256 40.742094)","W 20 ST",-73.997256,40.742094,10011
"259",1749,"2 AV","MN0129","POINT (-73.988898 40.727113)","E 6 ST",-73.988898,40.727113,10003
"260",1750,"E 106 ST","MN01294","POINT (-73.946017 40.792029)","LEXINGTON AV",-73.946017,40.792029,10029
"261",1751,"PEARL ST","MN01295","POINT (-74.003488 40.707852)","BEEKMAN ST",-74.003488,40.707852,10038
"262",1752,"MALCOLM X BLVD","MN01296","POINT (-73.9366 40.820198)","W 145 ST",-73.9366,40.820198,10030
"263",1753,"MANHATTAN AV","MN01297","POINT (-73.956873 40.804821)","W 116 ST",-73.956873,40.804821,10026
"264",1754,"AV C","MN01298","POINT (-73.978674 40.724488)","E 8 ST",-73.978674,40.724488,10009
"265",1755,"GRAND ST","MN01299","POINT (-73.988717 40.716453)","ESSEX ST",-73.988717,40.716453,10002
"266",1756,"MADISON ST","MN01300","POINT (-73.984248 40.713247)","GOUVERNEUR ST",-73.984248,40.713247,10002
"267",1757,"AMSTERDAM AV","MN01301","POINT (-73.940188 40.835169)","W 161 ST",-73.940188,40.835169,10032
"268",1758,"FT WASHINGTON AV","MN01302","POINT (-73.935338 40.85732)","W 190 ST",-73.935338,40.85732,10040
"269",1759,"ADAM CLAYTON POWELL BLVD","MN01303","POINT (-73.941502 40.817998)","W 139 ST",-73.941502,40.817998,10030
"270",1760,"ADAM CLAYTON POWELL BLVD","MN01304","POINT (-73.94081 40.819589)","W 142 ST",-73.94081,40.819589,10030
"271",1761,"E 42 ST","MN01305","POINT (-73.972006 40.749604)","2 AV",-73.972006,40.749604,10017
"272",1762,"LEXINGTON AV","MN01308","POINT (-73.949055 40.788605)","E 100 ST",-73.949055,40.788605,10029
"273",1763,"MALCOLM X BLVD","MN01309","POINT (-73.945168 40.807956)","W 125 ST",-73.945168,40.807956,10027
"274",1764,"BROADWAY","MN01310","POINT (-73.948246 40.829123)","W 149 ST",-73.948246,40.829123,10031
"275",1765,"10 AV","MN01311","POINT (-73.997451 40.756691)","W 37 ST",-73.997451,40.756691,10018
"276",1766,"BROADWAY","MN01313","POINT (-73.917626 40.868991)","W 213 ST",-73.917626,40.868991,10034
"277",1767,"E 105 ST","MN01315","POINT (-73.938613 40.788199)","FDR DR",-73.938613,40.788199,10029
"278",1768,"W 155 ST","MN01316","POINT (-73.945487 40.832514)","BROADWAY",-73.945487,40.832514,10032
"279",1769,"E 125 ST","MN01317","POINT (-73.935507 40.803457)","3 AV",-73.935507,40.803457,10035
"280",1770,"E 135 ST","MN01319","POINT (-73.936374 40.81209)","MADISON AV",-73.936374,40.81209,10037
"281",1771,"E 34 ST","MN0132","POINT (-73.976174 40.745011)","2 AV",-73.976174,40.745011,10016
"282",1772,"BROADWAY","MN01320","POINT (-73.913022 40.8722)","W 220 ST",-73.913022,40.8722,10034
"283",1773,"E 135 ST","MN01321","POINT (-73.936681 40.81247)","MADISON AV",-73.936681,40.81247,10037
"284",1774,"E 96 ST","MN01322","POINT (-73.949067 40.784964)","3 AV",-73.949067,40.784964,10128
"285",1775,"BROADWAY","MN01323","POINT (-73.967087 40.80398)","W 110 ST",-73.967087,40.80398,10025
"286",1776,"MALCOLM X BLVD","MN01325","POINT (-73.939329 40.816469)","W 139 ST",-73.939329,40.816469,10030
"287",1777,"MANHATTAN AV","MN01327","POINT (-73.957774 40.80388)","W 114 ST",-73.957774,40.80388,10026
"288",1778,"MADISON AV","MN01328","POINT (-73.954289 40.786893)","E 95 ST",-73.954289,40.786893,10128
"289",1779,"MALCOLM X BLVD","MN01330","POINT (-73.94419 40.809293)","W 127 ST",-73.94419,40.809293,10027
"290",1780,"MALCOLM X BLVD","MN01331","POINT (-73.940226 40.815233)","W 137 ST",-73.940226,40.815233,10030
"291",1781,"MALCOLM X BLVD","MN01332","POINT (-73.941328 40.813724)","W 135 ST",-73.941328,40.813724,10037
"292",1782,"MANHATTAN AV","MN01333","POINT (-73.956524 40.805295)","W 116 ST",-73.956524,40.805295,10026
"293",1783,"MADISON AV","MN01334","POINT (-73.94692 40.79697)","E 111 ST",-73.94692,40.79697,10029
"294",1784,"6 AV","MN01335","POINT (-73.977812 40.763251)","W 55 ST",-73.977812,40.763251,10019
"295",1785,"E 79 ST","MN01336","POINT (-73.950711 40.771608)","YORK AV",-73.950711,40.771608,10075
"296",1786,"WEST END AV","MN01337","POINT (-73.988499 40.77455900000001)","W 64 ST",-73.988499,40.774559,10023
"297",1787,"E 105 ST","MN01338","POINT (-73.9403 40.788918)","1 AV",-73.9403,40.788918,10029
"298",1788,"2 AV","MN0134","POINT (-73.980313 40.73893)","E 25 ST",-73.980313,40.73893,10010
"299",1789,"W HOUSTON ST","MN01340","POINT (-74.002453 40.728033)","6 AV",-74.002453,40.728033,10012
"300",1790,"ALLEN ST","MN01342","POINT (-73.988837 40.721817)","STANTON ST",-73.988837,40.721817,10002
"301",1791,"AMSTERDAM AV","MN01343","POINT (-73.961733 40.805688)","W 114 ST",-73.961733,40.805688,10025
"302",1792,"HARRISON ST","MN01344","POINT (-74.011422 40.718835)","WEST ST",-74.011422,40.718835,10007
"303",1793,"ADAM CLAYTON POWELL BLVD","MN01345","POINT (-73.945447 40.813249)","W 132 ST",-73.945447,40.813249,10027
"304",1794,"E 106 ST","MN01347","POINT (-73.94042 40.78989)","1 AV",-73.94042,40.78989,10029
"305",1795,"W 57 ST","MN01348","POINT (-73.988228 40.76886)","10 AV",-73.988228,40.76886,10019
"306",1796,"FREDERICK DOUGLASS BLVD","MN01349","POINT (-73.941565 40.823113)","W 145 ST",-73.941565,40.823113,10039
"307",1797,"2 AV","MN0135","POINT (-73.981231 40.737645)","E 23 ST",-73.981231,40.737645,10010
"308",1798,"FREDERICK DOUGLASS BLVD","MN01350","POINT (-73.946251 40.81671)","W 135 ST",-73.946251,40.81671,10030
"309",1799,"FDR DR SRV RD","MN01351","POINT (-73.971497 40.743611)","E 35 ST",-73.971497,40.743611,10016
"310",1800,"BROADWAY","MN01353","POINT (-73.955505 40.81985)","W 135 ST",-73.955505,40.81985,10031
"311",1801,"BROADWAY","MN01354","POINT (-73.953966 40.821955)","W 138 ST",-73.953966,40.821955,10031
"312",1802,"ADAM CLAYTON POWELL BLVD","MN01355","POINT (-73.942649 40.817077)","W 138 ST",-73.942649,40.817077,10030
"313",1803,"AV C","MN01356","POINT (-73.979549 40.723293)","E 6 ST",-73.979549,40.723293,10009
"314",1804,"W 70 ST","MN01358","POINT (-73.986856 40.778951)","FREEDOM PL",-73.986856,40.778951,10023
"315",1805,"BROADWAY","MN01359","POINT (-73.954633 40.820395)","W 135 ST",-73.954633,40.820395,10031
"316",1806,"2 AV","MN0136","POINT (-73.982571 40.735804)","E 20 ST",-73.982571,40.735804,10003
"317",1807,"W 135 ST","MN01360","POINT (-73.9547 40.819824)","BROADWAY",-73.9547,40.819824,10031
"318",1808,"ALLEN ST","MN01361","POINT (-73.98906 40.72248)","E HOUSTON ST",-73.98906,40.72248,10002
"319",1809,"AV C","MN01364","POINT (-73.973862 40.730786)","FDR DR",-73.973862,40.730786,10009
"320",1810,"MADISON AV","MN01365","POINT (-73.952378 40.789474)","E 99 ST",-73.952378,40.789474,10029
"321",1811,"EAST BROADWAY","MN01366","POINT (-73.997449 40.713367)","CATHERINE ST",-73.997449,40.713367,10038
"322",1812,"E 79 ST","MN01368","POINT (-73.95526000000001 40.773528)","2 AV",-73.95526,40.773528,10075
"323",1813,"AMSTERDAM AV","MN01369","POINT (-73.93059 40.848328)","W 181 ST",-73.93059,40.848328,10033
"324",1814,"2 AV","MN0137","POINT (-73.985228 40.732147)","E 14 ST",-73.985228,40.732147,10003
"325",1815,"1 AV","MN01370","POINT (-73.986708 40.725451)","E 4 ST",-73.986708,40.725451,10009
"326",1816,"AMSTERDAM AV","MN01371","POINT (-73.956613 40.813137)","W 125 ST",-73.956613,40.813137,10027
"327",1817,"AMSTERDAM AV","MN01372","POINT (-73.957502 40.811422)","W 123 ST",-73.957502,40.811422,10027
"328",1818,"1 AV","MN01373","POINT (-73.956626 40.766726)","E 70 ST",-73.956626,40.766726,10021
"329",1819,"KING ST","MN01374","POINT (-74.007452 40.728001)","HUDSON ST",-74.007452,40.728001,10014
"330",1820,"LEXINGTON AV","MN01375","POINT (-73.939162 40.802143)","E 122 ST",-73.939162,40.802143,10035
"331",1821,"E 72 ST","MN01376","POINT (-73.960329 40.769524)","3 AV",-73.960329,40.769524,10021
"332",1822,"CHURCH ST","MN01377","POINT (-74.006268 40.716855)","WORTH ST",-74.006268,40.716855,10013
"333",1823,"MADISON ST","MN01378","POINT (-73.987285 40.712958)","CLINTON ST",-73.987285,40.712958,10002
"334",1824,"E 14 ST","MN0138","POINT (-73.984605 40.732085)","2 AV",-73.984605,40.732085,10003
"335",1825,"2 AV","MN0139","POINT (-73.987605 40.728881)","E 9 ST",-73.987605,40.728881,10003
"336",1826,"NORTH END AV","MN01396","POINT (-74.013934 40.717414)","CHAMBERS ST",-74.013934,40.717414,10282
"337",1827,"3 AV","MN0140","POINT (-73.987564 40.73301)","E 14 ST",-73.987564,40.73301,10003
"338",1828,"FT WASHINGTON AV","MN01408","POINT (-73.94211 40.842338)","W 168 ST",-73.94211,40.842338,10032
"339",1829,"W 155 ST","MN01426","POINT (-73.940768 40.830755)","EDGECOMBE AV",-73.940768,40.830755,10032
"340",1830,"EDGECOMBE AV","MN01428","POINT (-73.940479 40.830838)","W 155 ST",-73.940479,40.830838,10032
"341",1831,"BROADWAY","MN01429","POINT (-73.967919 40.802804)","W 108 ST",-73.967919,40.802804,10025
"342",1832,"AMSTERDAM AV","MN01430","POINT (-73.955909 40.813655)","W 125 ST",-73.955909,40.813655,10027
"343",1833,"E 80 ST","MN01434","POINT (-73.947816 40.771112)","EAST END AV",-73.947816,40.771112,10075
"344",1834,"YORK AV","MN01436","POINT (-73.947816 40.77482)","E 84 ST",-73.947816,40.77482,10028
"345",1835,"PIKE ST","MN01447","POINT (-73.992683 40.712727)","MADISON ST",-73.992683,40.712727,10002
"346",1836,"W 155 ST","MN01450","POINT (-73.94266 40.83155)","AMSTERDAM AV",-73.94266,40.83155,10032
"347",1837,"PIKE ST","MN01451","POINT (-73.992449 40.71425)","DIVISION ST",-73.992449,40.71425,10002
"348",1838,"3 AV","MN01455","POINT (-73.978582 40.744875)","E 33 ST",-73.978582,40.744875,10016
"349",1839,"BROADWAY","MN01462","POINT (-73.920057 40.867927)","ISHAM ST",-73.920057,40.867927,10034
"350",1840,"6 AV","MN01463","POINT (-73.980402 40.759722)","W 50 ST",-73.980402,40.759722,10020
"351",1841,"E 57 ST","MN01467","POINT (-73.972016 40.762035)","MADISON AV",-73.972016,40.762035,10022
"352",1842,"E 23 ST","MN0147","POINT (-73.982828 40.738584)","3 AV",-73.982828,40.738584,10010
"353",1843,"MADISON AV","MN01473","POINT (-73.982047 40.748857)","E 36 ST",-73.982047,40.748857,10016
"354",1844,"MALCOLM X BLVD","MN01477","POINT (-73.949295 40.802294)","W 116 ST",-73.949295,40.802294,10026
"355",1845,"ADAM CLAYTON POWELL BLVD","MN01478","POINT (-73.935974 40.825562)","W 151 ST",-73.935974,40.825562,10039
"356",1846,"6 AV","MN01481","POINT (-73.98086300000001 40.759092)","W 49 ST",-73.980863,40.759092,10020
"357",1847,"BATTERY PL","MN01482","POINT (-74.016103 40.704984)","WEST ST",-74.016103,40.704984,10004
"358",1848,"E 41 ST","MN01483","POINT (-73.969878 40.748054)","1 AV",-73.969878,40.748054,10016
"359",1849,"W 207 ST","MN01484","POINT (-73.918118 40.864012)","10 AV",-73.918118,40.864012,10034
"360",1850,"W 207 ST","MN01485","POINT (-73.918155 40.864032)","10 AV",-73.918155,40.864032,10034
"361",1851,"W 207 ST","MN01486","POINT (-73.918599 40.86444)","10 AV",-73.918599,40.86444,10034
"362",1852,"W 207 ST","MN01487","POINT (-73.918636 40.864464)","10 AV",-73.918636,40.864464,10034
"363",1853,"5 AV","MN01488","POINT (-73.939276 40.810666)","W 132 ST",-73.939276,40.810666,10037
"364",1854,"3 AV","MN01492","POINT (-73.986697 40.733681)","E 14 ST",-73.986697,40.733681,10003
"365",1855,"4 AV","MN01493","POINT (-73.989734 40.733818)","E 13 ST",-73.989734,40.733818,10003
"366",1856,"FT WASHINGTON AV","MN01494","POINT (-73.943718 40.838823)","W 164 ST",-73.943718,40.838823,10032
"367",1857,"5 Av","MN01495","POINT (-73.984089 40.749297)","W 35 St",-73.984089,40.749297,10018
"368",1858,"5 Av","MN01498","POINT (-73.982689 40.751218)","W 38 St",-73.982689,40.751218,10018
"369",1859,"5 Av","MN01499","POINT (-73.982477 40.751433)","W 39 St",-73.982477,40.751433,10018
"370",1860,"3 AV","MN0150","POINT (-73.980058 40.742831)","E 29 ST",-73.980058,40.742831,10016
"371",1861,"5 Av","MN01500","POINT (-73.982321 40.751723)","W 39 St",-73.982321,40.751723,10018
"372",1862,"5 Av","MN01503","POINT (-73.980251 40.754563)","W 44 St",-73.980251,40.754563,10036
"373",1863,"5 Av","MN01504","POINT (-73.978119 40.757474)","W 48 St",-73.978119,40.757474,10020
"374",1864,"5 Av","MN01506","POINT (-73.977636 40.75814200000001)","W 49 St",-73.977636,40.758142,10112
"375",1865,"5 Av","MN01512","POINT (-73.976579 40.759586)","W 52 St",-73.976579,40.759586,10019
"376",1866,"5 Av","MN01514","POINT (-73.976147 40.760184)","W 52 St",-73.976147,40.760184,10019
"377",1867,"5 Av","MN01515","POINT (-73.975372 40.76126300000001)","W 54 St",-73.975372,40.761263,10019
"378",1868,"5 Av","MN01519","POINT (-73.973849 40.763348)","W 58 St",-73.973849,40.763348,10019
"379",1869,"E 34 ST","MN0153","POINT (-73.97844 40.745956)","3 AV",-73.97844,40.745956,10016
"380",1870,"E 23 ST","MN01534","POINT (-73.988707 40.741062)","BROADWAY",-73.988707,40.741062,10010
"381",1871,"5 Av","MN01536","POINT (-73.97952 40.75557)","W 45 St",-73.97952,40.75557,10036
"382",1872,"5 Av","MN01537","POINT (-73.979282 40.755899)","W 46 St",-73.979282,40.755899,10036
"383",1873,"3 AV","MN0154","POINT (-73.976369 40.747903)","E 37 ST",-73.976369,40.747903,10016
"384",1874,"BROADWAY","MN01548","POINT (-73.95863400000002 40.814858)","TIEMANN PL",-73.958634,40.814858,10027
"385",1875,"MADISON ST","MN01549","POINT (-73.997305 40.712109)","CATHERINE ST",-73.997305,40.712109,10038
"386",1876,"BROADWAY","MN01550","POINT (-73.928553 40.864723)","ARDEN ST",-73.928553,40.864723,10040
"387",1877,"W 50 ST","MN01554","POINT (-73.983598 40.76117500000001)","7 AV",-73.983598,40.761175,10019
"388",1878,"3 AV","MN01559","POINT (-73.968088 40.759231)","E 55 ST",-73.968088,40.759231,10022
"389",1879,"MADISON ST","MN01561","POINT (-73.982304 40.713462)","JACKSON ST",-73.982304,40.713462,10002
"390",1880,"5 AV","MN01562","POINT (-73.936259 40.814448)","E 138 ST",-73.936259,40.814448,10037
"391",1881,"FREDERICK DOUGLASS BLVD","MN01563","POINT (-73.950838 40.810443)","W 125 ST",-73.950838,40.810443,10019
"392",1882,"E 34 ST","MN01564","POINT (-73.973823 40.74380300000001)","1 AV",-73.973823,40.743803,10016
"393",1883,"E 34 ST","MN01565","POINT (-73.973885 40.744049)","1 AV",-73.973885,40.744049,10016
"394",1884,"MAIN ROADWAY","MN01569","POINT (-73.923455 40.79251)","Opp Icahn Stadium",-73.923455,40.79251,10035
"395",1885,"SPRING ST","MN01570","POINT (-74.008864 40.725913)","GREENWICH ST",-74.008864,40.725913,10013
"396",1886,"W 110 ST","MN01571","POINT (-73.961366 40.802019)","MORNINSIDE DR",-73.961366,40.802019,10025
"397",1887,"GRAND ST","MN01573","POINT (-73.986389 40.715732)","CLINTON ST",-73.986389,40.715732,10002
"398",1888,"2 AV","MN01575","POINT (-73.945105 40.787229)","E 100 ST",-73.945105,40.787229,10029
"399",1889,"1 AV","MN01576","POINT (-73.982035 40.731866)","E 15 ST",-73.982035,40.731866,10003
"400",1890,"CENTRAL PARK WEST","MN01577","POINT (-73.96318300000001 40.793959)","W 100 ST",-73.963183,40.793959,10025
"401",1891,"AMSTERDAM AV","MN01578","POINT (-73.951165 40.820559)","W 138 ST",-73.951165,40.820559,10031
"402",1892,"FT WASHINGTON AV","MN01579","POINT (-73.942848 40.840486)","W 165 ST",-73.942848,40.840486,10032
"403",1893,"3 AV","MN0158","POINT (-73.973151 40.75233)","E 45 ST",-73.973151,40.75233,10017
"404",1894,"3 AV","MN01580","POINT (-73.983136 40.73908000000001)","E 23 ST",-73.983136,40.73908,10010
"405",1895,"GRAND ST","MN01581","POINT (-73.9846 40.7152)","PITT ST",-73.9846,40.7152,10002
"406",1896,"E HOUSTON ST","MN01582","POINT (-73.989117 40.723229)","@ 1ST AVE",-73.989117,40.723229,10002
"407",1897,"ALLEN ST","MN01583","POINT (-73.99205 40.716414)","HESTER ST",-73.99205,40.716414,10002
"408",1898,"ST CLAIR PL","MN01584","POINT (-73.959839 40.81709)","W 125 ST",-73.959839,40.81709,10027
"409",1899,"2 AV","MN01585","POINT (-73.942429 40.790869)","E 106 ST",-73.942429,40.790869,10029
"410",1900,"2 AV","MN01586","POINT (-73.938818 40.795858)","E 115 ST",-73.938818,40.795858,10029
"411",1901,"1 AV","MN01587","POINT (-73.939599 40.790019)","E 106 ST",-73.939599,40.790019,10029
"412",1902,"1 AV","MN01588","POINT (-73.977602 40.737958)","E 25 ST",-73.977602,40.737958,10010
"413",1903,"2 AV","MN01589","POINT (-73.985432 40.731864)","E 13 ST",-73.985432,40.731864,10003
"414",1904,"3 AV","MN0159","POINT (-73.97177 40.754213)","E 47 ST",-73.97177,40.754213,10017
"415",1905,"1 AV","MN01590","POINT (-73.969007 40.74973800000001)","E 43 ST",-73.969007,40.749738,10017
"416",1906,"1 AV","MN01591","POINT (-73.987655 40.724145)","E 2 ST",-73.987655,40.724145,10009
"417",1907,"ALLEN ST","MN01592","POINT (-73.991193 40.717164)","GRAND ST",-73.991193,40.717164,10002
"418",1908,"1 AV","MN01594","POINT (-73.982058 40.731836)","E 15 ST",-73.982058,40.731836,10003
"419",1909,"W 145 ST","MN01595","POINT (-73.95173 40.826846)","RIVERSIDE DR",-73.95173,40.826846,10031
"420",1910,"2 AV","MN01596","POINT (-73.968959 40.754511)","E 50 ST",-73.968959,40.754511,10022
"421",1911,"2 AV","MN01597","POINT (-73.960592 40.765961)","E 68 ST",-73.960592,40.765961,10065
"422",1912,"1 AV","MN01598","POINT (-73.9624 40.7588)","E 58 ST",-73.9624,40.7588,10022
"423",1913,"E 79 ST","MN01599","POINT (-73.96173 40.776048)","MADISON AV",-73.96173,40.776048,10075
"424",1914,"E 49 ST","MN0160","POINT (-73.971525 40.755388)","3 AV",-73.971525,40.755388,10017
"425",1915,"FREDERICK DOUGLASS BLVD","MN01600","POINT (-73.942268 40.822578)","W 145 ST",-73.942268,40.822578,10030
"426",1916,"FREDERICK DOUGLASS BLVD","MN01601","POINT (-73.93804 40.82836)","W 154 ST",-73.93804,40.82836,10039
"427",1917,"FREDERICK DOUGLASS BLVD","MN01603","POINT (-73.939864 40.825865)","W 150 ST",-73.939864,40.825865,10039
"428",1918,"FREDERICK DOUGLASS BLVD","MN01604","POINT (-73.937969 40.828056)","W 153 ST",-73.937969,40.828056,10039
"429",1919,"ADAM CLAYTON POWELL BLVD","MN01605","POINT (-73.95363 40.80139)","W 113 ST",-73.95363,40.80139,10026
"430",1920,"MALCOLM X BLVD","MN01607","POINT (-73.948618 40.803753)","W 119 ST",-73.948618,40.803753,10026
"431",1921,"ADAM CLAYTON POWELL BLVD","MN01610","POINT (-73.950967 40.805679)","W 120 ST",-73.950967,40.805679,10026
"432",1922,"BROADWAY","MN01611","POINT (-73.971211 40.795133)","W 97 ST",-73.971211,40.795133,10025
"433",1923,"ADAM CLAYTON POWELL BLVD","MN01612","POINT (-73.954736 40.800531)","W 112 ST",-73.954736,40.800531,10026
"434",1924,"W 135 ST","MN01614","POINT (-73.957165 40.821104)","RIVERSIDE DR",-73.957165,40.821104,10031
"435",1925,"MADISON ST","MN01615","POINT (-73.997931 40.711878)","OLIVER ST",-73.997931,40.711878,10038
"436",1926,"PEARL ST","MN01617","POINT (-74.00373700000002 40.707938)","BEEKMAN ST",-74.003737,40.707938,10038
"437",1927,"BROADWAY","MN01618","POINT (-73.915918 40.869681)","W 215 ST",-73.915918,40.869681,10034
"438",1928,"MANHATTAN AV","MN01619","POINT (-73.961184 40.798899)","W 106 ST",-73.961184,40.798899,10025
"439",1929,"LEWIS ST","MN01621","POINT (-73.979653 40.71434)","GRAND ST",-73.979653,40.71434,10002
"440",1930,"3 AV","MN01622","POINT (-73.985439 40.735431)","E 17 ST",-73.985439,40.735431,10003
"441",1931,"WEST END AV","MN01623","POINT (-73.985113 40.778734)","W 70 ST",-73.985113,40.778734,10023
"442",1932,"MALCOLM X BLVD","MN01624","POINT (-73.936064 40.820961)","W 146 ST",-73.936064,40.820961,10039
"443",1933,"1 AV","MN01625","POINT (-73.988233 40.723461)","E 1 ST",-73.988233,40.723461,10009
"444",1934,"5 AV","MN01626","POINT (-73.944898 40.803031)","W 120 ST",-73.944898,40.803031,10035
"445",1935,"BROADWAY","MN01627","POINT (-73.971697 40.795127)","W 97 ST",-73.971697,40.795127,10025
"446",1936,"BROADWAY","MN01628","POINT (-73.96248 40.81025)","W 120 ST",-73.96248,40.81025,10027
"447",1937,"1 AV","MN01630","POINT (-73.934879 40.796513)","E 117 ST",-73.934879,40.796513,10035
"448",1938,"9 AV","MN01633","POINT (-74.003858 40.743234)","W 18 St",-74.003858,40.743234,10011
"449",1939,"E 34 St","MN01634","POINT (-73.981854 40.747373)","Park Av",-73.981854,40.747373,10016
"450",1940,"W 34 St","MN01636","POINT (-73.993078 40.751924)","8 Av",-73.993078,40.751924,10123
"451",1941,"W 34 St","MN01638","POINT (-73.987464 40.749579)","6 Av",-73.987464,40.749579,10001
"452",1942,"W 86 ST","MN0164","POINT (-73.976942 40.788386)","BROADWAY",-73.976942,40.788386,10024
"453",1943,"1 AV","MN01641","POINT (-73.977579 40.737985)","E 25 ST",-73.977579,40.737985,10010
"454",1944,"E 125 ST","MN01643","POINT (-73.93438 40.80322)","2 AV",-73.93438,40.80322,10035
"455",1945,"E 125 ST","MN01646","POINT (-73.93691 40.80405)","LEXINGTON AV",-73.93691,40.80405,10035
"456",1946,"1 Av","MN01647","POINT (-73.94385900000002 40.784218)","E 97 St",-73.943859,40.784218,10029
"457",1947,"1 AV","MN01648","POINT (-73.97299 40.744264)","E 35 ST",-73.97299,40.744264,10016
"458",1948,"1 Av","MN01649","POINT (-73.982126 40.731736)","E 15 St",-73.982126,40.731736,10003
"459",1949,"E 57 ST","MN0165","POINT (-73.96717 40.759972)","3 AV",-73.96717,40.759972,10022
"460",1950,"1 Av","MN01650","POINT (-73.982144 40.731709)","E 15 St",-73.982144,40.731709,10003
"461",1951,"1 Av","MN01651","POINT (-73.975807 40.740482)","E 29 St",-73.975807,40.740482,10016
"462",1952,"1 Av","MN01652","POINT (-73.952164 40.772833)","E 79 St",-73.952164,40.772833,10075
"463",1953,"1 Av","MN01653","POINT (-73.948873 40.777412)","E 87 St",-73.948873,40.777412,10028
"464",1954,"2 Av","MN01655","POINT (-73.938583 40.796107)","E 115 St",-73.938583,40.796107,10029
"465",1955,"E 57 ST","MN0166","POINT (-73.96783 40.760491)","3 AV",-73.96783,40.760491,10022
"466",1956,"E 125 St","MN01663","POINT (-73.93696 40.80408)","LEXINGTON AV",-73.93696,40.80408,10035
"467",1957,"E 125 St","MN01664","POINT (-73.940277 40.805469)","Madison Av",-73.940277,40.805469,10035
"468",1958,"W 125 St","MN01665","POINT (-73.945134 40.807516)","Malcolm X Blvd",-73.945134,40.807516,10027
"469",1959,"ADAM CLAYTON POWELL BLVD","MN01667","POINT (-73.9501 40.80688)","W 122 St",-73.9501,40.80688,10027
"470",1960,"2 Av","MN01668","POINT (-73.947573 40.783815)","E 95 St",-73.947573,40.783815,10128
"471",1961,"W 125 St","MN01671","POINT (-73.952317 40.810537)","St Nicholas Av",-73.952317,40.810537,10027
"472",1962,"3 Av","MN01674","POINT (-73.96763 40.760088)","E 57 St",-73.96763,40.760088,10022
"473",1963,"West End Av","MN01675","POINT (-73.987926 40.774857)","W 64 St",-73.987926,40.774857,10023
"474",1964,"3 AV","MN0168","POINT (-73.96351 40.76553)","E 65 ST",-73.96351,40.76553,10065
"475",1965,"1 Av","MN01681","POINT (-73.948888 40.777381)","E 87 St",-73.948888,40.777381,10028
"476",1966,"5 Av","MN01685","POINT (-73.981814 40.752415)","W 40 St",-73.981814,40.752415,10018
"477",1967,"5 Av","MN01689","POINT (-73.981253 40.753185)","W 42 St",-73.981253,40.753185,10110
"478",1968,"3 AV","MN0170","POINT (-73.961721 40.768038)","E 69 ST",-73.961721,40.768038,10021
"479",1969,"1 Av","MN01701","POINT (-73.975826 40.740453)","E 29 St",-73.975826,40.740453,10016
"480",1970,"Hell Gate Circle","MN01702","POINT (-73.929232 40.785445)","RFK Bridge Exit Ramp",-73.929232,40.785445,10035
"481",1971,"Hell Gate Circle","MN01703","POINT (-73.925567 40.789941)","Central Rd",-73.925567,40.789941,10035
"482",1972,"Grand St","MN01704","POINT (-73.987786 40.716392)","Suffolk St",-73.987786,40.716392,10002
"483",1973,"2 Av","MN01711","POINT (-73.95178 40.778101)","E 86 St",-73.95178,40.778101,10028
"484",1974,"W 116 St","MN01714","POINT (-73.946793 40.80069)","5 Av",-73.946793,40.80069,10026
"485",1975,"E 125 St","MN01715","POINT (-73.94192 40.806162)","5 Av",-73.94192,40.806162,10035
"486",1976,"E 116 St","MN01716","POINT (-73.944579 40.79976)","Madison Av",-73.944579,40.79976,10029
"487",1977,"E 116 St","MN01717","POINT (-73.940402 40.798226)","3 Av",-73.940402,40.798226,10029
"488",1978,"Broadway","MN01719","POINT (-73.94758500000002 40.830693)","W 152 St",-73.947585,40.830693,10031
"489",1979,"3 AV","MN0172","POINT (-73.957975 40.773121)","E 77 ST",-73.957975,40.773121,10075
"490",1980,"Broadway","MN01721","POINT (-73.933028 40.856262)","W 190 St",-73.933028,40.856262,10040
"491",1981,"W 145 St","MN01722","POINT (-73.947343 40.825223)","Amsterdam Av",-73.947343,40.825223,10031
"492",1982,"W 145 St","MN01723","POINT (-73.949862 40.826054)","Broadway",-73.949862,40.826054,10031
"493",1983,"Frederick Douglass Blvd","MN01724","POINT (-73.940344 40.824797)","W 148 St",-73.940344,40.824797,10039
"494",1984,"Frederick Douglass Blvd","MN01725","POINT (-73.939364 40.826152)","Macombs Pl",-73.939364,40.826152,10039
"495",1985,"Amsterdam av","MN01726","POINT (-73.934292 40.843266)","W 173 St",-73.934292,40.843266,10033
"496",1986,"Amsterdam Av","MN01727","POINT (-73.932826 40.845269)","W 176 St",-73.932826,40.845269,10033
"497",1987,"E 79 ST","MN0174","POINT (-73.95677 40.773964)","3 AV",-73.95677,40.773964,10075
"498",1988,"E 14TH ST","MN01743","POINT (-73.98007 40.730392)","@ AVE A",-73.98007,40.730392,10009
"499",1989,"E 79 ST","MN0175","POINT (-73.957617 40.774531)","3 AV",-73.957617,40.774531,10075
"500",1990,"3 AV","MN0176","POINT (-73.955568 40.776423)","E 82 ST",-73.955568,40.776423,10028
"501",1991,"3 AV","MN0179","POINT (-73.951349 40.782203)","E 91 ST",-73.951349,40.782203,10128
"502",1992,"E 72 ST","MN0182","POINT (-73.962452 40.770635)","LEXINGTON AV",-73.962452,40.770635,10021
"503",1993,"E 72 ST","MN0183","POINT (-73.962439 40.770413)","LEXINGTON AV",-73.962439,40.770413,10021
"504",1994,"E 57 ST","MN0184","POINT (-73.968848 40.76069600000001)","LEXINGTON AV",-73.968848,40.760696,10022
"505",1995,"E 42 ST","MN0185","POINT (-73.975651 40.751162)","LEXINGTON & 3 AV",-73.975651,40.751162,10017
"506",1996,"E 42 ST","MN0186","POINT (-73.975807 40.751449)","LEXINGTON AV",-73.975807,40.751449,10017
"507",1997,"E 23 ST","MN0188","POINT (-73.984959 40.739708)","LEXINGTON AV",-73.984959,40.739708,10010
"508",1998,"23 ST BETWEEN LEXINGTON AV & 3RD AV","MN0189","POINT (-73.98433 40.73922)","BETWEEN LEXINGTON AV & 3RD AV",-73.98433,40.73922,10010
"509",1999,"E 23 ST","MN0192","POINT (-73.987655 40.740843)","MADISON AV",-73.987655,40.740843,10010
"510",2000,"2 AV","MN0194","POINT (-73.973989 40.74761300000001)","E 39 ST",-73.973989,40.747613,10016
"511",2001,"MADISON AV","MN0195","POINT (-73.980403 40.751106)","E 39 ST",-73.980403,40.751106,10016
"512",2002,"E 72 ST","MN0198","POINT (-73.965225 40.771796)","MADISON AV",-73.965225,40.771796,10021
"513",2003,"E 14 ST","MN0201","POINT (-73.976031 40.728692)","AV C",-73.976031,40.728692,10009
"514",2004,"E 34 ST","MN0203","POINT (-73.981816 40.747359)","PARK AV",-73.981816,40.747359,10016
"515",2005,"E 23 ST","MN0204","POINT (-73.986767 40.740463)","PARK AV SOUTH",-73.986767,40.740463,10010
"516",2006,"E 23 ST","MN0205","POINT (-73.985993 40.739915)","PARK AV SOUTH",-73.985993,40.739915,10010
"517",2007,"6 AV","MN0215","POINT (-73.990025 40.746493)","W 29 ST",-73.990025,40.746493,10001
"518",2008,"6 AV","MN0217","POINT (-73.987366 40.750147)","W 34 ST",-73.987366,40.750147,10001
"519",2009,"6 AV","MN0220","POINT (-73.983142 40.755954)","W 44 ST",-73.983142,40.755954,10036
"520",2010,"6 AV","MN0221","POINT (-73.98241 40.756937)","W 45 ST",-73.98241,40.756937,10036
"521",2011,"6 AV","MN0222","POINT (-73.978762 40.761966)","W 53 ST",-73.978762,40.761966,10019
"522",2012,"6 AV","MN0224","POINT (-73.977426 40.763799)","W 56 ST",-73.977426,40.763799,10019
"523",2013,"7TH AV BETWEEN W 58 ST & W 57 ST","MN0225","POINT (-73.97981 40.76603)","BETWEEN W 58 ST & W 57 ST",-73.97981,40.76603,10019
"524",2014,"7 AV","MN0226","POINT (-73.98146 40.763779)","W 54 ST",-73.98146,40.763779,10019
"525",2015,"7 AV","MN0228","POINT (-73.98863 40.753971)","W 39 ST",-73.98863,40.753971,10018
"526",2016,"7 AV","MN0229","POINT (-73.992286 40.748914000000006)","W 31 ST",-73.992286,40.748914,10001
"527",2017,"W 34 ST","MN0230","POINT (-73.993118 40.751943)","8 AV",-73.993118,40.751943,10123
"528",2018,"W 42 ST","MN0231","POINT (-73.990146 40.757497)","8 AV",-73.990146,40.757497,10036
"529",2019,"AMSTERDAM AV","MN0233","POINT (-73.978952 40.782069)","W 77 ST",-73.978952,40.782069,10024
"530",2020,"W 81 ST","MN0234","POINT (-73.97201900000002 40.782052)","CENTRAL PARK WEST",-73.972019,40.782052,10024
"531",2021,"W 86 ST","MN0235","POINT (-73.969632 40.785304)","CENTRAL PARK WEST",-73.969632,40.785304,10024
"532",2022,"W 86 ST","MN0236","POINT (-73.969777 40.785605)","CENTRAL PARK WEST",-73.969777,40.785605,10024
"533",2023,"W 96 ST","MN0237","POINT (-73.965001 40.791663)","CENTRAL PARK WEST",-73.965001,40.791663,10025
"534",2024,"COLUMBUS AV","MN0239","POINT (-73.964828 40.79676)","W 102 ST",-73.964828,40.79676,10025
"535",2025,"W 86 ST","MN0240","POINT (-73.972444 40.786488)","COLUMBUS AV",-73.972444,40.786488,10024
"536",2026,"COLUMBUS AV","MN0242","POINT (-73.97627 40.781084)","W 78 ST",-73.97627,40.781084,10024
"537",2027,"COLUMBUS AV","MN0244","POINT (-73.980433 40.775364)","W 69 ST",-73.980433,40.775364,10023
"538",2028,"COLUMBUS AV","MN0247","POINT (-73.984312 40.770078)","W 61 ST",-73.984312,40.770078,10023
"539",2029,"9TH AV BETWEEN W 57 ST & W 56 ST","MN0249","POINT (-73.98599 40.76773)","BETWEEN W 57 ST & W 56 ST",-73.98599,40.76773,10019
"540",2030,"9 AV","MN0250","POINT (-73.986943 40.766474)","W 55 ST",-73.986943,40.766474,10019
"541",2031,"9 AV","MN0251","POINT (-73.989231 40.763333)","W 50 ST",-73.989231,40.763333,10019
"542",2032,"W 34 ST","MN0253","POINT (-73.995951 40.753138)","9 AV",-73.995951,40.753138,10001
"543",2033,"W 23 ST","MN0254","POINT (-74.000761 40.746156)","9 AV",-74.000761,40.746156,10011
"544",2034,"10 AV","MN0255","POINT (-74.002928 40.749159)","W 25 ST",-74.002928,40.749159,10001
"545",2035,"W 34 ST","MN0256","POINT (-73.998876 40.754361)","10 AV",-73.998876,40.754361,10001
"546",2036,"W 42 ST","MN0257","POINT (-74.00046 40.761601)","12 AV",-74.00046,40.761601,10036
"547",2037,"10 AV","MN0259","POINT (-73.992883 40.762987)","W 47 ST",-73.992883,40.762987,10036
"548",2038,"10 AV","MN0260","POINT (-73.99197 40.764239)","W 49 ST",-73.99197,40.764239,10019
"549",2039,"W 57 ST","MN0261","POINT (-73.991062 40.770053)","11 AV",-73.991062,40.770053,10019
"550",2040,"AMSTERDAM AV","MN0263","POINT (-73.981305 40.778863)","W 72 ST",-73.981305,40.778863,10023
"551",2041,"W 79 ST","MN0264","POINT (-73.978033 40.78314100000001)","AMSTERDAM AV",-73.978033,40.783141,10024
"552",2042,"AMSTERDAM AV","MN0264A","POINT (-73.978013 40.783386)","W 79 ST",-73.978013,40.783386,10024
"553",2043,"W 86 ST","MN0267","POINT (-73.9753 40.7877)","AMSTERDAM AV",-73.9753,40.7877,10024
"554",2044,"AMSTERDAM AV","MN0268","POINT (-73.970069 40.794256)","W 96 ST",-73.970069,40.794256,10025
"555",2045,"W 110 ST","MN0269","POINT (-73.96356 40.802743)","AMSTERDAM AV",-73.96356,40.802743,10025
"556",2046,"AMSTERDAM AV","MN0270","POINT (-73.960795 40.806976)","W 116 ST",-73.960795,40.806976,10027
"557",2047,"AMSTERDAM AV","MN0271","POINT (-73.961378 40.80659)","W 116 ST",-73.961378,40.80659,10027
"558",2048,"AMSTERDAM AV","MN0272","POINT (-73.960431 40.80787900000001)","W 118 ST",-73.960431,40.807879,10027
"559",2049,"AMSTERDAM AV","MN0273","POINT (-73.959788 40.808357)","W 118 ST",-73.959788,40.808357,10027
"560",2050,"AMSTERDAM AV","MN0274","POINT (-73.959528 40.809117)","W 120 ST",-73.959528,40.809117,10027
"561",2051,"AMSTERDAM AV","MN0275","POINT (-73.958921 40.809548)","W 120 ST",-73.958921,40.809548,10027
"562",2052,"W 125 ST","MN0276","POINT (-73.956494 40.81384)","AMSTERDAM AV",-73.956494,40.81384,10027
"563",2053,"W 125 ST","MN0277","POINT (-73.956 40.81284)","AMSTERDAM AV",-73.956,40.81284,10027
"564",2054,"AMSTERDAM AV","MN0279","POINT (-73.95055 40.82100500000001)","W 138 ST",-73.95055,40.821005,10031
"565",2055,"AMSTERDAM AV","MN0280","POINT (-73.948843 40.82375)","W 143 ST",-73.948843,40.82375,10031
"566",2056,"AMSTERDAM AV","MN0281","POINT (-73.947912 40.825021)","W 145 ST",-73.947912,40.825021,10031
"567",2057,"AMSTERDAM AV","MN0282","POINT (-73.947262 40.825502)","W 145 ST",-73.947262,40.825502,10031
"568",2058,"W 145 ST","MN0283","POINT (-73.947881 40.825245)","AMSTERDAM AV",-73.947881,40.825245,10031
"569",2059,"AMSTERDAM AV","MN0284","POINT (-73.942836 40.832005)","W 156 ST",-73.942836,40.832005,10032
"570",2060,"AMSTERDAM AV","MN0285","POINT (-73.94024 40.835522000000005)","W 161 ST",-73.94024,40.835522,10032
"571",2061,"AMSTERDAM AV","MN0287","POINT (-73.930898 40.848314)","W 181 ST",-73.930898,40.848314,10033
"572",2062,"FT WASHINGTON AV","MN0288","POINT (-73.935884 40.856903)","W 190 ST",-73.935884,40.856903,10040
"573",2063,"FT WASHINGTON AV","MN0289","POINT (-73.938083 40.851155)","W 181 ST",-73.938083,40.851155,10033
"574",2064,"FT WASHINGTON AV","MN0290","POINT (-73.9385 40.850636)","W 181 ST",-73.9385,40.850636,10033
"575",2065,"FT WASHINGTON AV","MN0291","POINT (-73.94043 40.845883)","W 174 ST",-73.94043,40.845883,10032
"576",2066,"FT WASHINGTON AV","MN0293","POINT (-73.94325100000002 40.83995)","W 165 ST",-73.943251,40.83995,10032
"577",2067,"ST NICHOLAS AV","MN0294","POINT (-73.934014 40.849148)","W 181 ST",-73.934014,40.849148,10033
"578",2068,"ST NICHOLAS AV","MN0295","POINT (-73.942849 40.827504)","W 150 ST",-73.942849,40.827504,10031
"579",2069,"ST NICHOLAS AV","MN0297","POINT (-73.948044 40.817334)","W 135 ST",-73.948044,40.817334,10030
"580",2070,"W 125 ST","MN0299","POINT (-73.952067 40.81044)","ST NICHOLAS AV",-73.952067,40.81044,10027
"581",2071,"W 125 ST","MN0301","POINT (-73.954278 40.811363)","MORNINGSIDE AV",-73.954278,40.811363,10027
"582",2072,"5 AV","MN0305","POINT (-73.938036 40.812432)","W 135 ST",-73.938036,40.812432,10037
"583",2073,"W 125 ST","MN0306","POINT (-73.94247700000001 40.806618)","5 AV",-73.942477,40.806618,10027
"584",2074,"W 125 ST","MN0307","POINT (-73.94581600000001 40.808032)","MALCOLM X BLVD",-73.945816,40.808032,10027
"585",2075,"W 145 ST","MN0310","POINT (-73.93665 40.820726)","MALCOLM X BLVD",-73.93665,40.820726,10039
"586",2076,"W 145 ST","MN0311","POINT (-73.939451 40.821686)","ADAM CLAYTON POWELL BLVD",-73.939451,40.821686,10030
"587",2077,"ADAM CLAYTON POWELL BLVD","MN0313","POINT (-73.93948600000002 40.821419)","W 145 ST",-73.939486,40.821419,10030
"588",2078,"ADAM CLAYTON POWELL BLVD","MN0315","POINT (-73.944064 40.815121)","W 135 ST",-73.944064,40.815121,10030
"589",2079,"ADAM CLAYTON POWELL BLVD","MN0316","POINT (-73.943314 40.815526)","W 135 ST",-73.943314,40.815526,10030
"590",2080,"ADAM CLAYTON POWELL BLVD","MN0317","POINT (-73.948377 40.809246)","W 125 ST",-73.948377,40.809246,10027
"591",2081,"W 125 ST","MN0318","POINT (-73.947969 40.808713)","ADAM CLAYTON POWELL BLVD",-73.947969,40.808713,10027
"592",2082,"W 125 ST","MN0319","POINT (-73.94878 40.809281)","ADAM CLAYTON POWELL BLVD",-73.94878,40.809281,10027
"593",2083,"W 125 ST","MN0320","POINT (-73.950851 40.80992)","FREDERICK DOUGLASS BLVD",-73.950851,40.80992,10027
"594",2084,"W 125 ST","MN0321","POINT (-73.951579 40.810455)","FREDERICK DOUGLASS BLVD",-73.951579,40.810455,10027
"595",2085,"W 145 ST","MN0323","POINT (-73.941619 40.822598)","FREDERICK DOUGLASS BLVD",-73.941619,40.822598,10030
"596",2086,"BROADWAY","MN0324","POINT (-73.914653 40.870953)","W 218 ST",-73.914653,40.870953,10034
"597",2087,"BROADWAY","MN0325","POINT (-73.916251 40.86973)","W 215 ST",-73.916251,40.86973,10034
"598",2088,"BROADWAY","MN0326","POINT (-73.920105 40.867912)","ISHAM ST",-73.920105,40.867912,10034
"599",2089,"BROADWAY","MN0327","POINT (-73.921857 40.867579000000006)","W 207 ST",-73.921857,40.867579,10034
"600",2090,"BROADWAY","MN0328","POINT (-73.92353 40.866982)","W 204 ST",-73.92353,40.866982,10034
"601",2091,"BROADWAY","MN0330","POINT (-73.93575 40.84995)","W 181 ST",-73.93575,40.84995,10033
"602",2092,"BROADWAY","MN0331","POINT (-73.936045 40.849990000000005)","W 181 ST",-73.936045,40.84999,10033
"603",2093,"BROADWAY","MN0332","POINT (-73.94009600000001 40.840289)","W 167 ST",-73.940096,40.840289,10032
"604",2094,"BROADWAY","MN0334","POINT (-73.94620300000001 40.832589)","W 155 ST",-73.946203,40.832589,10032
"605",2095,"BROADWAY","MN0335","POINT (-73.950029 40.826704)","W 145 ST",-73.950029,40.826704,10031
"606",2096,"BROADWAY","MN0337","POINT (-73.951962 40.824041)","W 141 ST",-73.951962,40.824041,10031
"607",2097,"BROADWAY","MN0339","POINT (-73.953102 40.823131000000004)","W 140 ST",-73.953102,40.823131,10031
"608",2098,"BROADWAY BETWEEN HAMILTON & W 137 ST","MN0340","POINT (-73.95394 40.82132)","BETWEEN HAMILTON & W 137 ST",-73.95394,40.82132,10031
"609",2099,"BROADWAY","MN0341","POINT (-73.956399 40.818623)","W 133 ST",-73.956399,40.818623,10027
"610",2100,"BROADWAY","MN0342","POINT (-73.955935 40.818617)","W 133 ST",-73.955935,40.818617,10027
"611",2101,"RIVERSIDE DR","MN0343","POINT (-73.964278 40.811186)","W 120 ST",-73.964278,40.811186,10027
"612",2102,"BROADWAY","MN0345","POINT (-73.963843 40.807774)","W 116 ST",-73.963843,40.807774,10027
"613",2103,"BROADWAY","MN0346","POINT (-73.964288 40.807816)","W 116 ST",-73.964288,40.807816,10025
"614",2104,"BROADWAY","MN0348","POINT (-73.965187 40.806579000000006)","W 114 ST",-73.965187,40.806579,10025
"615",2105,"BROADWAY","MN0350","POINT (-73.966098 40.805321)","W 112 ST",-73.966098,40.805321,10025
"616",2106,"W 110 ST","MN0352","POINT (-73.966143 40.803827)","BROADWAY",-73.966143,40.803827,10025
"617",2107,"BROADWAY","MN0353","POINT (-73.967271 40.803072)","W 108 ST",-73.967271,40.803072,10025
"618",2108,"BROADWAY","MN0354","POINT (-73.96767 40.801548)","W 106 ST",-73.96767,40.801548,10025
"619",2109,"BROADWAY","MN0355","POINT (-73.968114 40.801075)","W 106 ST",-73.968114,40.801075,10025
"620",2110,"BROADWAY","MN0356","POINT (-73.968522 40.7996)","W 104 ST",-73.968522,40.7996,10025
"621",2111,"BROADWAY","MN0357","POINT (-73.969363 40.798313)","W 102 ST",-73.969363,40.798313,10025
"622",2112,"BROADWAY","MN0358","POINT (-73.969147 40.797964)","W 101 ST",-73.969147,40.797964,10025
"623",2113,"BROADWAY","MN0359","POINT (-73.970297 40.797024)","W 100 ST",-73.970297,40.797024,10025
"624",2114,"BROADWAY","MN0362","POINT (-73.974023 40.79193600000001)","W 92 ST",-73.974023,40.791936,10025
"625",2115,"BROADWAY","MN0363","POINT (-73.97375300000002 40.791645)","W 91 ST",-73.973753,40.791645,10025
"626",2116,"BROADWAY","MN0364","POINT (-73.974979 40.790655)","W 90 ST",-73.974979,40.790655,10024
"627",2117,"BROADWAY","MN0365","POINT (-73.97584 40.789473)","W 88 ST",-73.97584,40.789473,10024
"628",2118,"BROADWAY","MN0366","POINT (-73.975116 40.789770000000004)","W 88 ST",-73.975116,40.78977,10024
"629",2119,"BROADWAY","MN0367","POINT (-73.976031 40.788562)","W 86 ST",-73.976031,40.788562,10024
"630",2120,"BROADWAY","MN0368","POINT (-73.976885 40.78816)","W 86 ST",-73.976885,40.78816,10024
"631",2121,"BROADWAY","MN0371","POINT (-73.977984 40.786861)","W 84 ST",-73.977984,40.786861,10024
"632",2122,"BROADWAY","MN0372","POINT (-73.97817100000002 40.785973)","W 82 ST",-73.978171,40.785973,10024
"633",2123,"BROADWAY","MN0373","POINT (-73.979589 40.784062)","W 79 ST",-73.979589,40.784062,10024
"634",2124,"BROADWAY","MN0374","POINT (-73.980369 40.783663000000004)","W 79 ST",-73.980369,40.783663,10024
"635",2125,"W 79 ST","MN0375","POINT (-73.980361 40.783893)","BROADWAY",-73.980361,40.783893,10024
"636",2126,"BROADWAY","MN0377","POINT (-73.980506 40.782667000000004)","W 77 ST",-73.980506,40.782667,10024
"637",2127,"BROADWAY","MN0378","POINT (-73.981336 40.781572)","W 76 ST",-73.981336,40.781572,10023
"638",2128,"BROADWAY","MN0379","POINT (-73.981033 40.781258)","W 75 ST",-73.981033,40.781258,10023
"639",2129,"BROADWAY","MN0380","POINT (-73.981783 40.780117)","W 74 ST",-73.981783,40.780117,10023
"640",2130,"W 72 ST","MN0382","POINT (-73.982476 40.779076)","BROADWAY",-73.982476,40.779076,10023
"641",2131,"BROADWAY","MN0384","POINT (-73.982315 40.776866)","W 70 ST",-73.982315,40.776866,10023
"642",2132,"BROADWAY","MN0385","POINT (-73.981917 40.776562)","W 69 ST",-73.981917,40.776562,10023
"643",2133,"WEST END AV","MN0389","POINT (-73.987264 40.776217)","W 66 ST",-73.987264,40.776217,10023
"644",2134,"BROADWAY","MN0392","POINT (-73.982385 40.77197)","W 64 ST",-73.982385,40.77197,10023
"645",2135,"BROADWAY","MN0395","POINT (-73.982315 40.769513)","W 61 ST",-73.982315,40.769513,10023
"646",2136,"BROADWAY","MN0396","POINT (-73.981907 40.769496000000004)","W 61 ST",-73.981907,40.769496,10023
"647",2137,"E 14 ST","MN0403","POINT (-73.982279 40.731317)","1 AV",-73.982279,40.731317,10009
"648",2138,"14 ST BETWEEN AVE B & AVE A","MN0404","POINT (-73.97826 40.72961)","BETWEEN AVE B & AVE A",-73.97826,40.72961,10009
"649",2139,"E 14 ST","MN0404A","POINT (-73.978365 40.729474)","AV B",-73.978365,40.729474,10009
"650",2140,"3 AV","MN0405","POINT (-73.948801 40.785693)","E 96 ST",-73.948801,40.785693,10029
"651",2141,"HUDSON ST","MN0408","POINT (-74.006532 40.73153)","BARROW ST",-74.006532,40.73153,10014
"652",2142,"3 AV","MN0409","POINT (-73.947546 40.787422)","E 99 ST",-73.947546,40.787422,10029
"653",2143,"AV C","MN0410","POINT (-73.974696 40.733062)","E 20 ST",-73.974696,40.733062,10010
"654",2144,"6 AV","MN0606","POINT (-74.003227 40.727123000000006)","PRINCE ST",-74.003227,40.727123,10014
"655",2145,"W 10 ST","MN0612","POINT (-74.008751 40.73332)","WASHINGTON ST",-74.008751,40.73332,10014
"656",2146,"HUDSON ST","MN0618","POINT (-74.006239 40.733339)","CHRISTOPHER ST",-74.006239,40.733339,10014
"657",2147,"AV C","MN0627","POINT (-73.976337 40.727301)","E 12 ST",-73.976337,40.727301,10009
"658",2148,"14 ST BETWEEN AVE A & 1ST AV","MN0630","POINT (-73.98215 40.73125)","BETWEEN AVE A & 1ST AV",-73.98215,40.73125,10009
"659",2149,"AV A","MN0634","POINT (-73.984104 40.725093)","E 5 ST",-73.984104,40.725093,10009
"660",2150,"MADISON ST","MN0640","POINT (-73.989583 40.712594)","RUTGERS ST",-73.989583,40.712594,10002
"661",2151,"AV A","MN0646","POINT (-73.98294100000001 40.727047)","E 9 ST",-73.982941,40.727047,10009
"662",2152,"AV C","MN0654","POINT (-73.977058 40.726304)","E 11 ST",-73.977058,40.726304,10009
"663",2153,"AV A","MN0655","POINT (-73.982741 40.726973)","ST MARKS PL",-73.982741,40.726973,10009
"664",2154,"JACKSON ST","MN0658","POINT (-73.980751 40.713353)","MADISON ST",-73.980751,40.713353,10002
"665",2155,"10 AV","MN0666","POINT (-74.005701 40.745389)","W 19 ST",-74.005701,40.745389,10011
"666",2156,"AMSTERDAM AV","MN0696","POINT (-73.987329 40.770604)","W 59 ST",-73.987329,40.770604,10023
"667",2157,"5 AV","MN0697","POINT (-73.991252 40.739446)","W 20 ST",-73.991252,40.739446,10011
"668",2158,"5 AV","MN0698","POINT (-73.989891 40.741317)","W 23 ST",-73.989891,40.741317,10010
"669",2159,"5 AV","MN0700","POINT (-73.987113 40.745124)","W 29 ST",-73.987113,40.745124,10001
"670",2160,"5 AV","MN0703A","POINT (-73.98537 40.74752500000001)","W 33 ST",-73.98537,40.747525,10001
"671",2161,"7 AV","MN0704","POINT (-73.993654 40.747081)","W 28 ST",-73.993654,40.747081,10001
"672",2162,"W 23 ST","MN0742","POINT (-73.995246 40.743811)","7 AV",-73.995246,40.743811,10011
"673",2163,"W 23 ST","MN0743","POINT (-73.99886 40.745548)","8 AV",-73.99886,40.745548,10011
"674",2164,"E 34 ST","MN0744","POINT (-73.980932 40.746796)","PARK AV",-73.980932,40.746796,10016
"675",2165,"AV C","MN0758","POINT (-73.974732 40.729927)","E 16 ST",-73.974732,40.729927,10009
"676",2166,"AV C","MN0759","POINT (-73.97562 40.728713)","E 14 ST",-73.97562,40.728713,10009
"677",2167,"W 72 ST","MN0763","POINT (-73.984181 40.779568)","WEST END AV",-73.984181,40.779568,10023
"678",2168,"WEST END AV","MN0764","POINT (-73.984749 40.779635)","W 72 ST",-73.984749,40.779635,10023
"679",2169,"W 65 ST","MN0766","POINT (-73.987307 40.775115)","WEST END AV",-73.987307,40.775115,10023
"680",2170,"W 65 ST","MN0767","POINT (-73.984494 40.7739)","AMSTERDAM AV",-73.984494,40.7739,10023
"681",2171,"COLUMBUS AV","MN0770","POINT (-73.962207 40.800358)","W 108 ST",-73.962207,40.800358,10025
"682",2172,"COLUMBUS AV","MN0775","POINT (-73.972511 40.786227)","W 86 ST",-73.972511,40.786227,10024
"683",2173,"COLUMBUS AV","MN0776","POINT (-73.975002 40.782814)","W 80 ST",-73.975002,40.782814,10024
"684",2174,"COLUMBUS AV","MN0778","POINT (-73.979137 40.777146)","W 72 ST",-73.979137,40.777146,10023
"685",2175,"AMSTERDAM AV","MN0781","POINT (-73.979907 40.780776)","W 75 ST",-73.979907,40.780776,10023
"686",2176,"AMSTERDAM AV","MN0781A","POINT (-73.977087 40.784652)","W 81 ST",-73.977087,40.784652,10024
"687",2177,"AMSTERDAM AV","MN0783","POINT (-73.976159 40.785921)","W 83 ST",-73.976159,40.785921,10024
"688",2178,"AMSTERDAM AV","MN0786","POINT (-73.971507 40.792298)","W 93 ST",-73.971507,40.792298,10025
"689",2179,"AMSTERDAM AV","MN0787","POINT (-73.969136 40.795539)","W 98 ST",-73.969136,40.795539,10025
"690",2180,"AMSTERDAM AV","MN0788","POINT (-73.967274 40.798094)","W 102 ST",-73.967274,40.798094,10025
"691",2181,"AMSTERDAM AV","MN0790","POINT (-73.9654 40.800674)","W 106 ST",-73.9654,40.800674,10025
"692",2182,"W 106 ST","MN0797","POINT (-73.965402 40.800193)","AMSTERDAM AV",-73.965402,40.800193,10025
"693",2183,"BROADWAY","MN0801","POINT (-73.960052 40.813624)","LA SALLE ST",-73.960052,40.813624,10027
"694",2184,"AMSTERDAM AV","MN0804","POINT (-73.953745 40.816624)","W 131 ST",-73.953745,40.816624,10027
"695",2185,"AMSTERDAM AV","MN0805","POINT (-73.952837 40.817867)","W 133 ST",-73.952837,40.817867,10031
"696",2186,"BROADWAY","MN0810","POINT (-73.960741 40.812026)","W 122 ST",-73.960741,40.812026,10027
"697",2187,"W 125 ST","MN0811","POINT (-73.958086 40.815245000000004)","BROADWAY",-73.958086,40.815245,10027
"698",2188,"BROADWAY","MN0813","POINT (-73.959157 40.814843)","TIEMANN PL",-73.959157,40.814843,10027
"699",2189,"FREDERICK DOUGLASS BLVD","MN0814","POINT (-73.937575 40.829006)","W 155 ST",-73.937575,40.829006,10039
"700",2190,"FREDERICK DOUGLASS BLVD","MN0815","POINT (-73.936381 40.830632)","W 159 ST",-73.936381,40.830632,10039
"701",2191,"FREDERICK DOUGLASS BLVD","MN0819","POINT (-73.951148 40.81041)","W 125 ST",-73.951148,40.81041,10027
"702",2192,"5 AV","MN0825","POINT (-73.936132 40.815011)","W 138 ST",-73.936132,40.815011,10037
"703",2193,"W 135 ST","MN0828","POINT (-73.940424 40.813812)","MALCOLM X BLVD",-73.940424,40.813812,10037
"704",2194,"W 116 ST","MN0830","POINT (-73.953039 40.803551)","ADAM CLAYTON POWELL BLVD",-73.953039,40.803551,10026
"705",2195,"W 116 ST","MN0832","POINT (-73.94914300000002 40.801683)","MALCOLM X BLVD",-73.949143,40.801683,10026
"706",2196,"W 110 ST","MN0836","POINT (-73.954986 40.799397)","ADAM CLAYTON POWELL BLVD",-73.954986,40.799397,10026
"707",2197,"MADISON AV","MN0844","POINT (-73.947784 40.795787)","E 109 ST",-73.947784,40.795787,10029
"708",2198,"LEXINGTON AV","MN0848","POINT (-73.946598 40.791967)","E 106 ST",-73.946598,40.791967,10029
"709",2199,"MADISON AV","MN0863","POINT (-73.937101 40.81041)","E 132 ST",-73.937101,40.81041,10037
"710",2200,"1 AV","MN0866","POINT (-73.943824 40.784257)","E 97 ST",-73.943824,40.784257,10029
"711",2201,"E 96 ST","MN0868","POINT (-73.953762 40.78716800000001)","MADISON AV",-73.953762,40.787168,10128
"712",2202,"E 106 ST","MN0884","POINT (-73.944363 40.791548)","3 AV",-73.944363,40.791548,10029
"713",2203,"FT WASHINGTON AV","MN0890","POINT (-73.939834 40.846803)","W 175 ST",-73.939834,40.846803,10033
"714",2204,"BROADWAY","MN0894","POINT (-73.933948 40.853943)","W 187 ST",-73.933948,40.853943,10033
"715",2205,"AMSTERDAM AV","MN0900","POINT (-73.92798 40.852308)","W 188 ST",-73.92798,40.852308,10040
"716",2206,"EDGECOMBE AV","MN0907","POINT (-73.937764 40.835079)","W 162 ST",-73.937764,40.835079,10032
"717",2207,"FT WASHINGTON AV","MN0910","POINT (-73.944233 40.837521)","W 162 ST",-73.944233,40.837521,10032
"718",2208,"FT WASHINGTON AV","MN0911","POINT (-73.940976 40.844494)","W 172 ST",-73.940976,40.844494,10032
"719",2209,"BROADWAY","MN0916","POINT (-73.930153 40.863106)","DONGAN PL",-73.930153,40.863106,10040
"720",2210,"EDGECOMBE AV","MN0925","POINT (-73.939932 40.832457)","W 158 ST",-73.939932,40.832457,10032
"721",2211,"AMSTERDAM AV","MN0930","POINT (-73.932635 40.845924)","W 178 ST",-73.932635,40.845924,10033
"722",2212,"ST NICHOLAS AV","MN0937","POINT (-73.928754 40.856351)","W 192 ST",-73.928754,40.856351,10040
"723",2213,"9 AV","MN9004","POINT (-73.999331 40.749468)","W 28 ST",-73.999331,40.749468,10001
"724",2214,"COLUMBUS AV","MN9007","POINT (-73.969696 40.790097)","W 92 ST",-73.969696,40.790097,10025
"725",2215,"2 AV","MN9011","POINT (-73.970387 40.752536)","E 46 ST",-73.970387,40.752536,10017
"726",2216,"FT WASHINGTON AV","MN9013","POINT (-73.937071 40.85487)","W 187 ST",-73.937071,40.85487,10033
"727",2217,"AMSTERDAM AV","MN9016","POINT (-73.972419 40.791017)","W 91 ST",-73.972419,40.791017,10025
"728",2218,"FT WASHINGTON AV","MN9025","POINT (-73.934533 40.858726)","CABRINI BLVD",-73.934533,40.858726,10040
"729",2219,"W 14 ST","MN9026","POINT (-74.00478100000001 40.740606)","HUDSON ST",-74.004781,40.740606,10014
"730",2220,"BROADWAY","MN9028","POINT (-73.92683200000002 40.86557)","DYCKMAN ST",-73.926832,40.86557,10034
"731",2221,"5 AV","MN9029","POINT (-73.94253 40.806194)","W 125 ST",-73.94253,40.806194,10035
"732",2222,"AMSTERDAM AV","MN9030","POINT (-73.942644 40.831826)","W 155 ST",-73.942644,40.831826,10032
"733",2223,"BROADWAY","MN9031","POINT (-73.933479 40.854415)","W 187 ST",-73.933479,40.854415,10040
"734",2224,"WEST END AV","MN9032","POINT (-73.986886 40.776247)","W 66 ST",-73.986886,40.776247,10023
"735",2225,"AV C","MN9035","POINT (-73.976911 40.72690600000001)","E 12 ST",-73.976911,40.726906,10009
"736",2226,"GRAND ST","MN9036","POINT (-73.982913 40.714915)","E  BROADWAY",-73.982913,40.714915,10002
"737",2227,"BROADWAY","MN9038","POINT (-73.934659 40.852567)","W 185 ST",-73.934659,40.852567,10033
"738",2228,"6 AV","MNBR546","POINT (-74.001425 40.730775)","W 3 ST",-74.001425,40.730775,10014
"739",2229,"MADISON AV","MNBX041","POINT (-73.9832 40.747275)","E 33 ST",-73.9832,40.747275,10016
"740",2230,"6 AV","MNBX214","POINT (-73.999796 40.733097)","WAVERLY PL",-73.999796,40.733097,10011
"741",2231,"MADISON AV","MNBX222","POINT (-73.987259 40.741712)","E 24 ST",-73.987259,40.741712,10010
"742",2232,"6 AV","MNBX285","POINT (-73.998448 40.734938)","W 10 ST",-73.998448,40.734938,10011
"743",2233,"MADISON AV","MNBX411","POINT (-73.986306 40.743004)","E 26 ST",-73.986306,40.743004,10010
"744",2234,"PARK AV","MNBX510","POINT (-73.985028 40.742277)","E 26 ST",-73.985028,40.742277,10010
"745",2235,"5 AV","MNBX562","POINT (-73.98806 40.743871)","W 27 ST",-73.98806,40.743871,10001
"746",2236,"WEST ST","MNQN852","POINT (-74.010059 40.732884)","CHRISTOPHER ST",-74.010059,40.732884,10014
