"RegionName","City","State","Metro","CountyName","SizeRank","2011-01","2011-02","2011-03","2011-04","2011-05","2011-06","2011-07","2011-08","2011-09","2011-10","2011-11","2011-12","2012-01","2012-02","2012-03","2012-04","2012-05","2012-06","2012-07","2012-08","2012-09","2012-10","2012-11","2012-12","2013-01","2013-02","2013-03","2013-04","2013-05","2013-06","2013-07","2013-08","2013-09","2013-10","2013-11","2013-12","2014-01","2014-02","2014-03","2014-04","2014-05","2014-06","2014-07","2014-08","2014-09","2014-10","2014-11","2014-12","2015-01","2015-02","2015-03","2015-04","2015-05","2015-06","2015-07","2015-08","2015-09","2015-10","2015-11","2015-12","2016-01","2016-02","2016-03","2016-04","2016-05","2016-06","2016-07","2016-08","2016-09","2016-10","2016-11","2016-12","2017-01","2017-02","2017-03","2017-04","2017-05","2017-06","2017-07","2017-08","2017-09","2017-10","2017-11","2017-12"
"10025","New York","NY","New York","New York",1,,,,,,,,,,,,,,5000,4795,4962.5,5195,5500,5450,5200,5337.5,5087.5,5000,5000,5000,4885,4850,5000,5200,5400,5487.5,5300,5650,5600,5150,5000,5150,5625,5700,5550,5425,5350,5000,5400,5000,5295,5397.5,5175,5500,5150,5075,5000,5000,5000,5041,5200,4947.5,4800,4800,4800,4897.5,4950,5150,5000,5000,5075,4947.5,4895,4800,4947.5,5000,4800,5000,5000,5000,5000,5000,5000,4950,5000,4947.5,5000,4950,4847.5
"60657","Chicago","IL","Chicago","Cook",2,,,,,,,,,,,,,,3300,3150,3062.5,3000,2950,2987.5,3100,3100,2995,2972.5,2995,3000,3000,2900,3200,3200,3200,3600,3600,3400,3400,3599.5,3400,3400,3400,3200,3200,3200,3472.5,3400,3200,3025,2900,2995,3000,3095,3195,3095,3500,3600,3600,3300,3200,3047.5,3095,3147.5,3195,3147.5,3195,3200,3450,3500,3600,3300,3225,3250,3347.5,3400,3400,3300,3225,3300,3585,3600,3800,3600,3400,3372.5,3150,3000,3090
"77494","Cinco Ranch","TX","Houston","Fort Bend",3,,,,,,,,,,,2100,2050,2000,2150,2300,2375,2250,2300,2497.5,2300,2225,2100,2200,2347.5,2300,2372.5,2350,2300,2200,2200,2200,2300,2300,2290,2250,2200,2250,2300,2300,2300,2397.5,2400,2300,2400,2397.5,2350,2300,2300,2350,2350,2375,2400,2400,2400,2400,2350,2300,2350,2282.5,2299,2200,2250,2295,2400,2300,2300,2200,2150,2300,2195,1999.5,2175,2095,2162.5,2100,2200,2200,2200,2200,2250,2300,2400,2400,2400
"75070","McKinney","TX","Dallas-Fort Worth","Collin",4,,,1597.5,1662.5,1650,1600,1650,1650,1750,1722.5,1650,1650,1650,1700,1650,1797.5,1700,1700,1750,1795,1700,1750,1750,1775,1850,1795,1750,1750,1797.5,1750,1795,1795,1795,1750,1750,1750,1725,1750,1750,1795,1825,1800,1800,1850,1800,1800,1800,1800,1825,1800,1850,1845,1895,1900,1895,1850,1895,1885,1875,1895,1850,1812.5,1850,1900,1995,1995,2000,1973,1997.5,1972.5,1950,1950,1900,1900,1995,1995,1995,1966,1900,1995,1990,1900,1900,1900
"60614","Chicago","IL","Chicago","Cook",5,,,,,,,,,,,,,,,,,,,,,,,,,,,,,,,,,,,,,,,,,,,,,,,,,,,,,,,,,,,,,,,,,,,,,,,,,3500,3825,3600,3800,4000,4150,3850,3650,3625,3550,3300,3300
"77084","Houston","TX","Houston","Harris",6,,,,,,,,,,,,,,,,,,,,,,,,,,,,,,,1650,1700,1700,1575,1500,1500,1500,1495,1500,1500,1675,1650,1625,1550,1600,1600,1675,1650,1650,1675,1651.5,1625,1600,1650,1750,1672.5,1600,1650,1630,1650,1600,1597.5,1625,1687.5,1595,1600,1625,1650,1612.5,1582.5,1570,1550,1599.5,1600,1550,1649.5,1650,1599,1650,1695,1662.5,1672.5,1600,1600
"77449","Houston","TX","Houston","Harris",7,,,,,,,1300,1300,1350,1350,1325,1312.5,1350,1350,1350,1337.5,1350,1300,1350,1350,1350,1395,1400,1397.5,1475,1450,1450,1495,1475,1485,1500,1512.5,1500,1500,1500,1495,1450,1450,1450,1472,1500,1500,1585,1550,1525,1525,1550,1525,1525,1525,1547.5,1550,1550,1532.5,1525,1550,1600,1595,1550,1517,1525,1525,1537.5,1550,1595,1595,1600,1550,1525,1500,1475,1450,1450,1460,1485,1500,1535,1545,1550,1507.5,1550,1560,1550,1550
"28269","Charlotte","NC","Charlotte","Mecklenburg",8,,,,,,,,,,,,,,,,,,,,,,,,,,,,,,,,,,,,,,,,,,,,,,,,,,,,,,,,,,,,,,,,,,,,,,,,,1450,1575,1627,1649,1637,1595,1650,1649.5,1650,1650,1650,1625
"30349","Riverdale","GA","Atlanta","Clayton",9,,,,,,1200,1257.5,1250,1200,1187.5,1247.5,1200,1200,1200,1200,1200,1200,1175,1200,1200,1150,1100,1112.5,1125,1150,1197.5,1200,1200,1195,1200,1200,1200,1200,1200,1200,1200,1175,1190,1200,1200,1225,1200,1150,1152.5,1195,1185,1195,1247,1200,1200,1200,1225,1250,1250,1235,1250,1250,1250,1225,1222.5,1250,1250,1285,1297.5,1250,1300,1237.5,1297.5,1285,1295,1299.5,1325,1299,1400,1450,1425,1495,1495,1495,1375,1333.5,1352,1350,1395
"77429","Cypress","TX","Houston","Harris",10,,,,,,,,,,,,,,,,,,,,,,,,,,,,,,,,,,,,,,,1672.5,1750,1797.5,1800,1810,1950,1995,1985,1899.5,1847.5,1822,1825,1799,1799,1899,1850,1897.5,1912,1987.5,1800,1925,1900,1895,1850,1800,1800,1800,1862.5,1950,1750,1900,1824.5,1857.5,1850,1797.5,1837.5,1850,1812.5,1800,1845,1830,1850,1800,1797.5,1800,1900
"11206","New York","NY","New York","Kings",11,,,,,,,,,,,,,,,,,,,,,,,,,,,,,,3800,3881,3833,3750,3650,3750,3500,3600,3600,3595,3500,3399,3400,3500,3929,3800,3600,3950,4000,3800,3800,3800,3847.5,3799,3800,3800,3799,3897.5,3800,3800,3800,3800,3800,3909.5,3990,4100,4100,3800,4099.5,3600,3895,3999,4125,4100,3799,4200,4092.5,3947.5,3850,3800,3850,3850,3850,3795,3650
"30044","Lawrenceville","GA","Atlanta","Gwinnett",12,,,,,,,,,,,,,,,,,,,,,,,,,,,,,,,,,,,,,,,,,,,,,,,,,,,,,,,,,,,,,,,,,,,,,,,,,1562.5,1545,1600,1577,1600,1600,1599,1520,1595,1660,1650,1572.5
"77479","Sugar Land","TX","Houston","Fort Bend",13,,,,,,,,,,,,,,,,,,,,,,2180,2275,2300,2175,2400,2300,2300,2450,2400,2425,2290,2425,2200,2425,2500,2500,2425,2400,2375,2490,2450,2300,2250,2197.5,2200,2075,2375,2400,2350,2400,2600,2500,2500,2450,2500,2500,2500,2500,2488,2400,2400,2488,2497.5,2500,2425,2350,2450,2500,2475,2300,2230,2200,2200,2272.5,2312.5,2325,2400,2350,2300,2300,2225,2325,2400
"30043","Lawrenceville","GA","Atlanta","Gwinnett",14,,,,,,,,,,,,,,,,,,,,,,,,,,,,,,,,,,,,,,,,,,,,,,,,,,,,,,,,,,,,,,,,,,,,,,,,1499.5,1569,1550,1577,1595,1620,1600,1602.5,1595,1595,1587.5,1600,1595
"77433","Cypress","TX","Houston","Harris",15,,,,,,,,,,,,,,,,,,,,,,,,,,,,,,,,,,,,,,,,,,,,,,,,,,,,,,,,,,,,,,,,,,,,,2025,1850,2000,1995,1875,1850,1875,1900,1900,1850,1900,1862.5,1900,1925,1925,1995
"77077","Houston","TX","Houston","Harris",16,,,,,,,,,,,,,,,,,,,,,,,,,,,,,,,,,,,,,,,,,,,,,,,,,,,,,,,,,,,,,,,,,,,,,,,,,2500,2395,2750,2600,2775,2500,2500,2500,2490,2395,2650,2600
"75034","Frisco","TX","Dallas-Fort Worth","Collin",17,,,,,,,,,,,,,,,,,,,,,,,,,,,,,,,,,,,,,,,,,,,,,,,,,,,,,,,,,,,,,,,,,,,,,,,,,2400,2450,2450,2450,2599,2499,2535,2422.5,2650,2462.5,2645,2800
"23464","Virginia Beach","VA","Virginia Beach","Virginia Beach City",18,,,,,,,,,,,,,,,,,,,,,,,,,,,,,,,,,,,,,,,,,,,,,,,,,,,,,,,,,,,,,,,,,,,,,,,,1647.5,1672.5,1650,1697.5,1725,1737.5,1850,1800,1762.5,1750,1750,1795,1700
"77379","Houston","TX","Houston","Harris",19,,,,,,,,,,,,,,,,,,,,,,,,,,,,,1750,1897.5,1850,1897.5,1810,1895,1750,1750,1787.5,1800,1787.5,1800,1770,1750,1750,1837.5,1895,1995,1879,1829.5,1859,1859,1895,1925,1925,1959,1954,1954.5,1950,1997,1862.5,1895,1775,1795,1950,1895,1895,1897.5,1800,1995,1727.5,1750,1690,1699,1800,1797.5,1795,1899.5,1875,1800,1850,1897.5,1890,1800,1850,1797.5
"60619","Chicago","IL","Chicago","Cook",20,,,,,,,,,,,,,,,,,,,,,,,,,,,,,,,,,,,,,,,,,,,,,,,,,,,,,,,,,,,,,,,,,,,,,,,,,1300,1300,1400,1400,1350,1250,1250,1250,1250,1250,1300,1262.5
"78245","San Antonio","TX","San Antonio","Bexar",21,,,,,,,,,,,,,,,,,,,,,,,,,,,,,,,,,,,,,,,,,,,,,,,,,,,,,,,,,,,,,,,,,,,,,,,,,1380,1495,1495,1495,1495,1500,1562.5,1575,1562.5,1550,1500,1495
"11221","New York","NY","New York","Kings",22,,,,,,,,,,,,,,,,,,,,,,,,,,,,,,,,,,3000,3050,3100,3195,3100,3100,3100,3172.5,3100,3149,3200,3185,3199.5,3100,3000,3116,3200,3200,3200,3200,3297,3350,3399,3400,3425,3349,3300,3266,3200,3292.5,3297,3400,3400,3400,3400,3400,3400,3490,3249.5,3325,3400,3200,3300,3400,3399,3399,3490,3395,3300,3392.5,3200
"30024","Suwanee","GA","Atlanta","Gwinnett",23,,,,,,,,,,,1600,1595,1600,1600,1500,1572.5,1600,1625,1650,1600,1600,1600,1600,1597.5,1550,1650,1600,1650,1650,1650,1650,1600,1625,1650,1697.5,1750,1747.5,1700,1725,1700,1695,1700,1687.5,1799,1800,1799.5,1762.5,1700,1700,1774.5,1800,1795,1795,1800,1800,1735.5,1700,1799.5,1797,1882.5,1850,1799,1760,1800,1800,1799.5,1787,1800,1799,1750,1900,1800,1800,1850,1825,1884,1900,1900,1925,1900,1900,1850,1950,1982.5
"60617","Chicago","IL","Chicago","Cook",24,,,,,,,,,,,,,,,,,,,,,,,,,,,,,,,,,,,,,,,,,,,,,,,,,,,,,,,,,,,,,,,,,,,,,,,,,1250,1250,1250,1200,1200,1250,1250,1237.5,1300,1300,1300,1300
"11385","New York","NY","New York","Queens",25,,,,,,,,,,,,,,,,,,,,,,,,,,,,,,,,,,,,,,,,,,,,,,,,,,,,,,,,,,,,3299.5,3400,3500,3500,3500,3567.5,3495,3400,3400,3500,3599,3450,3499,3100,3349.5,3300,3200,3400,3400,3400,3500,3500,3399,3399,3500
"91709","Chino Hills","CA","Riverside","San Bernardino",26,,,,,,,,,,,,,,,,,,,,,,,,,,,,,,,,,,,,,,,,,,,,,,,,,,,,,,,,,,,,,,,,,,,,,,2600,2700,2600,2695,2700,2650,2600,2795,2800,2800,2800,2825,2795,2750,2700
"77459","Missouri City","TX","Houston","Fort Bend",27,,,,,,,,,,,,,,,,,,,,,,,,,,,,,,,,,,,,,,,,,,,,,,,,,,,,,,,,,,,,,,,,,,,,,,,,,2195,2200,2047.5,2000,2050,1997.5,2050,1995,1995,1975,1962.5,1950
"92677","Laguna Niguel","CA","Los Angeles-Long Beach-Anaheim","Orange",28,,,,,,,,,,,,,,,,,,,,,,,,,,,,,,,,,,,,,,,,,,,,,,,,,,,,,,,,,,,,,,,,,,,,,,,,,4000,4150,4150,4300,4300,4400,4300,4400,4200,3974.5,3950,4000
"98012","Bothell","WA","Seattle","Snohomish",29,,,,,,,,,,,,,,,,,,,,,,,,,,,,,,,,,,,,,,,,,,,,,,,,,,,,,,,,,,,,,,,,,,,,,,,,,2500,2500,2550,2600,2650,2650,2600,2550,2500,2499,2500,2495
"97229","Cedar Mill","OR","Portland","Washington",30,,,,,,,,,,,,,,,,,,,,,,,,,,,,,,,,,,,,,,,,,,,,,,,,,,,,,,,,,,,,,,,,,,,,,,,,,2450,2400,2350,2495,2600,2695,2595,2495,2350,2350,2397.5,2397.5
"33647","Tampa","FL","Tampa","Hillsborough",31,,1850,1750,1885,2000,1975,1875,1800,1800,1772.5,1700,1750,1750,1850,1895,1897.5,1872.5,1897.5,1895,1895,1900,1800,1800,1800,1775,1800,1850,1900,1950,2000,2100,2000,1995,1990,2000,2000,1895,1850,1850,1850,1900,1910,1900,1895,1895,1850,1850,1905,1897.5,1895,1900,1917.5,1950,2000,1985,1950,1950,1925,1900,1850,1905,1910,1910,1950,1995,1997.5,1995,1975,2015,1910,1950,1962.5,1995,2000,1859,2000,2057.5,2095,2007.5,2000,2000,1997,1995,2000
"76244","Fort Worth","TX","Dallas-Fort Worth","Tarrant",32,,,,,,,1495,1650,1662.5,1595,1694.5,1600,1600,1650,1650,1650,1600,1500,1600,1612.5,1595,1650,1600,1562.5,1562.5,1650,1612.5,1625,1637.5,1650,1628,1620,1650,1710,1695,1695,1695,1695,1675,1675,1700,1750,1700,1695,1675,1675,1725,1695,1600,1650,1725,1700,1785,1742.5,1712.5,1742.5,1795,1745,1795,1859,1795,1750,1750,1795,1745,1795,1800,1750,1725,1800,1750,2045,1862.5,1850,1850,1850,1895,1895,1895,1897.5,1850,1800,1800,1795
"92336","Fontana","CA","Riverside","San Bernardino",33,,,,,,,,,,,,,,,,,,,,,,,,,,,,,,,,,,,,,,,,,,,,,,,,,,,,,,,,,,,,,,,,,,,,,,,,,2300,2262.5,2295,2400,2400,2375,2450,2450,2495,2395,2350,2400
"77095","Houston","TX","Houston","Harris",34,,,,,,,,,,,,,,,,,,,,,,,,,,,,,,,,,,,,1739.5,1729,1700,1700,1700,1749.5,1750,1750,1825,1809,1799.5,1800,1800,1800,1800,1750,1800,1787.5,1795,1795,1799.5,1837.5,1800,1795,1797,1800,1800,1825,1825,1775,1785,1795,1750,1837,1790,1775,1625,1700,1737.5,1771.5,1775,1837.5,1800,1785,1760,1770,1800,1800,1795
"77450","Cinco Ranch","TX","Houston","Fort Bend",35,,,,,,,,,,,,,,,,2325,2350,2300,2400,2050,2100,1850,1885,2050,2300,2100,1947.5,2200,2200,2200,2300,2275,2300,2200,2400,2350,2025,2099.5,2000,2000,2200,2300,2250,2272.5,2200,2100,2100,1950,1995,1995,2100,2225,2250,2300,2300,2200,2200,2150,2187.5,2100,2095,2050,2200,2200,2425,2300,2100,1972.5,1995,1897.5,1900,1900,1900,1925,1950,1950,2000,2000,2074.5,2099.5,2100,2150,2125,2060
"77845","College Station","TX","College Station","Brazos",36,,,,,,,,,,,,,,1545,1600,1600,1600,1595,1550,1495,1400,1400,1495,1497.5,1495,1650,1600,1600,1600,1595,1597.5,1500,1500,1525,1600,1592.5,1590,1600,1650,1625,1600,1625,1600,1650,1600,1795,1650,1672.5,1697.5,1700,1695,1700,1750,1800,1850,1800,1685,1650,1740,1900,2000,1900,1875,1747.5,1800,2000,1800,1600,1695,1835,1975,1800,1800,1900,1800,1800,1750,1700,1700,1600,1695,1800,1800,1800
"79938","El Paso","TX","El Paso","El Paso",37,,,,,,,,,,,,,,,,1370,1390,1350,1350,1295,1295,1350,1332.5,1300,1290,1230,1275,1275,1250,1250,1250,1250,1250,1250,1295,1295,1250,1200,1200,1200,1250,1250,1295,1250,1245,1250,1247.5,1250,1225,1200,1250,1250,1250,1250,1250,1250,1250,1250,1200,1200,1200,1250,1250,1250,1225,1200,1250,1175,1200,1275,1250,1295,1200,1250,1250,1250,1250,1250,1295,1250,1250,1200,1200,1200
"89117","Las Vegas","NV","Las Vegas","Clark",38,,,,,,,,,,,,,,,,,,,,,,,,,,,,,,,,,,,,,,,,,,,,,,,,,,,,,1750,1750,1700,1725,1650,1500,1500,1600,1600,1600,1612.5,1665,1699,1662.5,1599.5,1825,1597.5,1650,1600,1650,1650,1700,1700,1700,1795,1845,1900,1950,1775,1895,1900,1800
"92592","Temecula","CA","Riverside","Riverside",39,,,2100,2100,2099.5,2000,1997.5,1975,1950,2072.5,1899.5,1972.5,2100,1950,1967.5,1925,1995,1995,1995,2025,1995,2100,2050,2050,1999.5,1950,1950,1999.5,2050,2050,2000,2100,2000,2000,2000,2095,2095,2095,2000,2025,2099.5,2095,2100,2100,2097,2099.5,1995,2095,2095,2050,2050,2100,2100,2095,2050,2100,2150,2100,2097.5,2150,2154.5,2196,2195,2150,2200,2199,2195,2100,2195,2197,2125,2137.5,2300,2300,2400,2300,2375,2395,2350,2350,2400,2400,2400,2400
"32244","Jacksonville","FL","Jacksonville","Duval",40,,,,,,,,,,,,,,,,,,,,,,,,,,,,,,,,,,,,,,,,,,,,,,,,,,,,,,,,,,,,,,,,,,,,,,,,,1285,1295,1299.5,1350,1312.5,1362.5,1395,1375,1295,1344,1306.5,1350
"33186","The Crossings","FL","Miami-Fort Lauderdale","Miami-Dade",41,,2072.5,2095,2100,2200,2200,2200,2150,2150,2150,2125,2200,2197.5,2050,2095,2047.5,2100,2100,2100,2100,2250,2200,2200,2300,2300,2200,2250,2100,2200,2350,2400,2300,2300,2300,2300,2200,2270,2250,2300,2300,2300,2300,2300,2250,2300,2350,2325,2300,2300,2300,2300,2300,2250,2250,2397.5,2225,2350,2372.5,2332.5,2400,2400,2400,2400,2400,2450,2550,2400,2425,2425,2500,2500,2500,2400,2450,2350,2400,2400,2500,2500,2500,2497.5,2450,2450,2500
"30331","Atlanta","GA","Atlanta","Fulton",42,,,,,,,,,,,,,,,,,,,,,,,,,,,,,,,,,,,,,,,,,,,,,,,,,,,,,,,,,,,,,,,,,,,,,,,,,1450,1475,1457.5,1460,1486,1550,1550,1600,1518,1590,1595,1645
"30052","Loganville","GA","Atlanta","Gwinnett",43,,,,,,,,,,,,,,,,,,,,,,,,,,,,,,,,,,,,,,,,,,,,,,,,,,,,,,,,,,,,,,,,,,,,,,,,,1450,1450,1479,1495,1519,1528,1599.5,1500,1507.5,1495,1495,1495
"34787","Winter Garden","FL","Orlando","Orange",44,,,,,,,,,,,,,,,,,,,,,,,,,,,,,,,,,,,,,,,,,,,,,,,,,,,,,,,,,,,,,,,,,,,,,,,,,2150,2125,2125,2175,2200,2000,1995,1995,2075,2100,2195,2200
"32218","Jacksonville","FL","Jacksonville","Duval",45,,,,,,,,,,,,,,,,,,,,,,,,,,,,,,,,,,,,,,,,,,,,,,,,,,,,,,,,,,,,,,,,,,,,,,,,,1400,1395,1447.5,1497.5,1495,1497.5,1450,1499,1500,1550,1495,1495
"28078","Huntersville","NC","Charlotte","Mecklenburg",46,,,,,,,,,,,,,,,,,,,,,,,,,,,,,,,,,,,,,,,,,,,,,,,,,,,,,,,,,,,,,,,,,,,,,,,,,1937.5,1850,1825,1899,1875,1895,1855,1875,1895,1850,1795,1795
"30022","Johns Creek","GA","Atlanta","Fulton",47,,,,,,,,,,,,,,,,,,,,,,,,,,,,,,,,,,,,,,,,,,,,,,,,,,,,,,,,,,,,,,,,,,,,,,2200,2350,2350,2300,2200,2225,2200,2200,2200,2200,2200,2100,2175,2200,2200
"33027","Pembroke Pines","FL","Miami-Fort Lauderdale","Broward",48,,,,,,,,,,,,,,,,,,,,,,,,,,,,,,,,,,,,,,,,,,,,,,,,,,,,,,,,,,,,,,,,,,,,,,,,,2649,2650,2650,2660,2699.5,2629,2599.5,2625,2695,2695,2620,2620
"02155","Medford","MA","Boston","Middlesex",49,,,,,,,,,,,,,,,,,,,,,,,,2750,2700,2800,2800,2800,2800,2600,2600,2600,2500,2500,2500,2400,2500,2300,2600,2700,2800,2800,2800,2700,2700,2700,2650,2500,2600,2750,2750,2800,2900,3000,2875,2800,2800,2800,2800,2700,3000,3000,2925,3000,3100,3200,3000,2800,2600,2800,2600,2700,2800,2800,2950,3000,3100,3200,3200,3000,3000,3200,3300,3200
"89052","Henderson","NV","Las Vegas","Clark",50,,,,,,,,,,,,,,,,,,,,,,,,,,,,,,,,,,,,,,,,,,,,,,,,,,,,,,,,,,,,,,,,,,,,,,,,,1900,1900,1900,1995,1995,2150,2100,1995,1975,2050,2125,2050
"34953","Port Saint Lucie","FL","Port St. Lucie","Saint Lucie",51,,,,,,,,,,,,,,,,,,,,,,,,,,,,,,,,,,,,,,,,,,,,,,,,,,,,,,,,,,,,,,,,,,,,,,,,,1600,1674.5,1700,1700,1675,1650,1675,1695,1650,1687.5,1650,1650
"91710","Chino","CA","Riverside","San Bernardino",52,,,,,,,,,,,,,,,,,,,,,,,,,,,,,,,,,,,,,,,,,,,,,,,,,,,,,,,,,,,,,,,,,,,,,,,,,2499,2500,2550,2525,2587.5,2500,2522,2550,2625,2500,2550,2525
"89123","Las Vegas","NV","Las Vegas","Clark",53,,,,,,,,,,,,,,,,,,,,,,,,,,,,,,,,,,,,,,,,,,,,,,,,,,,,,,,,,,,,,,,,,,,,,,,,,1699,1600,1635,1635,1650,1650,1675,1625,1768,1695,1700,1700
"32225","Jacksonville","FL","Jacksonville","Duval",54,,,,,,,,,,,,,,,,,,,,,,,,,,,,,,,,,,,,,,,,,,,,,,,,,,,,,,,,,,,,,,,,,,,,,,,,,1665,1774.5,1650,1700,1750,1750,1990,1950,1850,1795,1795,1750
"75035","Frisco","TX","Dallas-Fort Worth","Collin",55,,,,,,,,,,,,,,,,,,,,,,,,,,,,,,1795,1895,1990,1950,1995,1900,1900,1897.5,1875,1872.5,1900,1937.5,1850,1850,1850,1850,1875,1895,1850,1895,1972.5,1997.5,1997.5,1950,1990,1950,1995,2000,1975,2000,2050,2095,2000,2097.5,2100,2025,2000,2025,2000,2000,1997.5,2097.5,2047.5,2000,1997.5,2095,2100,2022.5,2100,2195,2125,2195,2125,2100,2095
"94509","Antioch","CA","San Francisco","Contra Costa",56,,,,,,,,,,,,,,,,,,,,,,,,,,,,,,,,,,,,,,,,,,,,,,,,,,,,,,,,,,,,,,,,,,,,,,,,,2137.5,2250,2200,2250,2200,2350,2295,2350,2200,2250,2189.5,2200
"32828","Orlando","FL","Orlando","Orange",57,,,,,,,1600,1595,1575,1400,1425,1550,1500,1525,1572.5,1550,1500,1550,1550,1500,1500,1550,1550,1500,1550,1595,1595,1585,1595,1550,1595,1675,1595,1595,1595,1595,1595,1595,1595,1595,1637.5,1650,1595,1625,1600,1595,1562.5,1562.5,1595,1600,1637.5,1695,1700,1685,1700,1700,1600,1600,1625,1699.5,1695,1680,1650,1625,1600,1685,1725,1725,1695,1600,1700,1650,1797.5,1812.5,1725,1845,1800,1800,1877.5,1849.5,1812.5,1895,1900,1849
"89031","North Las Vegas","NV","Las Vegas","Clark",58,,,,,1225,1250,1250,1250,1250,1200,1200,1200,1200,1200,1225,1275,1250,1200,1195,1195,1195,1200,1195,1195,1195,1199.5,1200,1195,1200,1225,1200,1200,1200,1250,1200,1195,1195,1195,1195,1195,1195,1200,1200,1200,1225,1250,1200,1200,1200,1200,1250,1250,1295,1300,1297.5,1250,1250,1275,1250,1250,1250,1250,1250,1275,1295,1300,1337.5,1374.5,1349.5,1320,1299.5,1337.5,1300,1325,1350,1375,1300,1400,1400,1400,1395,1400,1385,1350
"75002","Allen","TX","Dallas-Fort Worth","Collin",59,,,,,,,,,,,,,,,,,,,,,,,,,,,,,,,,,,,,,,,,,,,,,,,,,,,,,,,,,,,,,,,,,,,,,,,,,1975,1900,1950,1995,2000,2011.5,2000,2000,2050,1975,1950,1960
"33511","Brandon","FL","Tampa","Hillsborough",60,,,,,,,,,,,,,,,,,,,,,,,,,,,,,,,,,,,,,,,,,,,,,,,,,,,,,,,,,,,,,,,,,,,,,,,,,1600,1649.5,1650,1637.5,1630,1650,1650,1629.5,1595,1550,1550,1650
"30253","McDonough","GA","Atlanta","Henry",61,,,,,,,,,,,,,,,,,,,,,,,,,,,,,,,,,,,,,,,,,,,,,,,,,,,,,,,,,,,,,,,,,,,,,,,,,1399,1425,1434,1400,1397.5,1432,1460,1495,1460,1445,1447.5,1450
"10031","New York","NY","New York","New York",62,,,,,,,,,,,,,,,,,,,,,,,,,,,,,,,,,,,,,,,,,,,,,,,,,,,,,,,,,,,,,,,,,,,,,,,,,3300,3450,3400,3400,3500,3495,3595,3400,3500,3400,3200,3300
"94513","Brentwood","CA","San Francisco","Contra Costa",63,,,,,,,,,,,,,,,,,,,,,,,,,,,,,,,,,,,,,,,,,,,,,,,,,,,,,,,,,,,,,,,,2495,2400,2495,2500,2497.5,2450,2400,2400,2375,2400,2400,2400,2550,2695,2625,2600,2600,2695,2650,2580,2597.5
"60637","Chicago","IL","Chicago","Cook",64,,,,,,,,,,,,,,,,,,,,,,,,,,,,,,,,,,,,,,,,,,,,,,,,,,,,,,,,,,,,,,,,,,,,,,,,1300,1350,1300,1300,1300,1312.5,1300,1275,1275,1300,1325,1350,1300
"77346","Atascocita","TX","Houston","Harris",65,,,,,,,,,,,,,,,,,,,,,,,,,,,,,,,,,,,,,1800,1700,1637.5,1600,1625,1650,1700,1785,1700,1700,1744.5,1714.5,1700,1762.5,1795,1800,1762.5,1750,1775,1767,1799.5,1775,1754.5,1775,1750,1787,1824.5,1995,1825,1729,1727,1800,1750,1725,1719,1625,1790,1799.5,1792,1795,1795,1800,1785,1795,1750,1750,1750,1750
"92620","Irvine","CA","Los Angeles-Long Beach-Anaheim","Orange",66,,,,,,,,,,,,,,,,,,,,,,,,,,,,,,,,,,,,,,,,,,,,,,,,,,,,,,,,,,,,,,,,,,,,,,,,,3800,4000,4100,4100,4000,4250,4000,4000,4050,4050,4095,4200
"96706","Ewa Beach","HI","Urban Honolulu","Honolulu",67,,,,,,,,,,,,,,,,,,,,,,,,,,,,,,,,,,,,,,,,,,,,,,,,,,,,,,,,,,,,,,,,,,,,,,,,,3200,3200,3300,3400,3347.5,3300,3300,3150,3185,3000,3000,3050
"89074","Henderson","NV","Las Vegas","Clark",68,,,,,,,,,,,,,,,,,,,,,,,,,,,,,,,,,,,,,,,,,,,,,,,,,,,,,,,,,,,,,,,,,,,,1637.5,1650,1510,1650,1587.5,1724.5,1750,1750,1725,1700,1750,1795,1799,1600,1600,1750,1795
"92562","Murrieta","CA","Riverside","Riverside",68,,,,,,,,,,,,,,,,,,,,,,,,,,,,,,,,,,,,,,,,,,,,,,,,,,,,,,,,,,,,,,,,,,,,,,,,,2197.5,2300,2300,2225,2150,2272.5,2299.5,2200,2200,2150,2199,2300
"02135","Boston","MA","Boston","Suffolk",70,2600,2600,2600,2600,2550,2500,2500,2500,2550,2600,2700,2725,2700,2650,2650,2700,2750,2700,2700,2667.5,2800,2800,2800,2800,2800,2900,2950,2950,3000,3100,3000,3000,3000,2950,2950,2950,2982.5,3000,3000,3100,3150,3100,3100,3100,3200,3100,3200,3200,3200,3100,3137.5,3200,3200,3100,3100,3100,3050,3000,3050,3100,3200,3200,3200,3300,3300,3300,3300,3200,3200,3200,3200,3174.5,3400,3400,3400,3400,3400,3400,3400,3400,3400,3345,3400,3400
"89147","Las Vegas","NV","Las Vegas","Clark",71,,,,,,,,,,,,,1300,1300,1300,1350,1350,1350,1350,1350,1350,1300,1300,1300,1300,1325,1350,1495,1450,1400,1322.5,1300,1375,1385,1395,1395,1375,1400,1400,1400,1400,1420,1432.5,1375,1450,1450,1395,1395,1467.5,1425,1400,1450,1467.5,1450,1485,1496.5,1350,1400,1400,1395,1407.5,1500,1600,1535,1495,1600,1530,1395,1450,1487.5,1399,1485,1400,1450,1500,1650,1600,1650,1650,1574,1550,1550,1595,1595
"92130","San Diego","CA","San Diego","San Diego",72,,,,,,,,,,,,,,,,,,,,,,,,,,,,,,,,,,,,,,,,,,,,,,,,,,,,,,,,,,,,,,,,,,,,,,,,,4195,4295,4500,4500,4597,4400,4200,4350,4400,4500,4500,4500
"30144","Kennesaw","GA","Atlanta","Cobb",73,,,,,,,,,,,,,,,,,,,,,,,,,,,,,,,,,,,,,,,,,,,,,,,,,,,,,,,,,,,,,,,,,,,,,,,,,1599.5,1650,1595,1619,1645,1695,1695,1700,1660,1695,1673.5,1660
"78254","San Antonio","TX","San Antonio","Bexar",74,,,,,,,,,,,,,,,,,,,,,,,,,,,,,,,,,,,,,,,,,,,,,,,,,,,,,,,,,,,,,,,,,,,,,,,,,1512.5,1650,1695,1650,1650,1600,1597.5,1650,1725,1650,1600,1562.5
"28540","Jacksonville","NC","Jacksonville","Onslow",75,,,,,,,,,,,,,,,,,,,,,,,,,,,,,,,,,,,,,,,,,,,,,,,,,,,,,,,,,,,,,,,,,,,,,,,,,1200,1100,1137.5,1150,1200,1150,1100,1047.5,1025,1050,1025,1050
"92563","Murrieta","CA","Riverside","Riverside",75,,,,,,,1872.5,1972.5,1895,1895,1897.5,1950,1950,1897.5,1900,1900,1900,1900,1850,1850,1850,1850,1895,1895,1900,1895,1895,1895,1900,1900,1900,1900,1900,1900,1900,1895,1899,1895,1875,1895,1962.5,1925,1900,1950,1995,1975,1945,1937.5,1950,1950,1928,1998,2000,2000,2072.5,1999,1995,1995,2097.5,2000,1995,2000,2000,1995,2050,2100,2000,2100,2195,2091,2095,2095,2096,2195,2195,2200,2200,2150,2200,2295,2275,2272.5,2200,2170
"77373","Spring","TX","Houston","Harris",77,,,,,,,,,,,,,,,,,,,,,,,,,,,,,,,,,,,,,,,,,,,,,,,,,,,,,,,,,,,,,,,,,,,,,,,,,1550,1550,1459,1450,1475,1550,1600,1530,1550,1500,1550,1575
"77375","Tomball","TX","Houston","Harris",78,,,,,,,,,,,,,,,,,,,,,,,,,,,,,,,,,,,,,,,,,,,,,,,,,,,,,,,,,,,,,,,,,,,,,,,,1650,1662.5,1687.5,1675,1800,1950,1995,1872.5,1850,1800,1850,1800,1837.5
"73013","Edmond","OK","Oklahoma City","Oklahoma",79,,,,,,,,,,,,,,,,,,,,,,,,,,,,,,,,,,,,,,,,,,,,,,,,,,,,,,,,,,,,,,,,,,,,,,,,,1595,1547.5,1595,1672.5,1625,1697.5,1695,1660,1595,1547.5,1595,1597.5
"29229","Columbia","SC","Columbia","Richland",80,,,,,,,,,,,,,,,,,,,,,,,,,,,,,,,,,,,,,,,,,,,,,,,,,,,,,,,,,,,,,,,,,,,,,,,,,1350,1350,1350,1397.5,1450,1550,1495,1495,1400,1425,1400,1400
"89148","Las Vegas","NV","Las Vegas","Clark",81,,,,,,,,,,,,,1545,1495,1495,1450,1445,1495,1400,1395,1400,1395,1350,1350,1350,1350,1395,1497.5,1500,1475,1475,1450,1472.5,1450,1395,1400,1397.5,1450,1450,1450,1500,1522.5,1472.5,1500,1500,1450,1450,1450,1495,1450,1472.5,1512,1450,1400,1500,1585,1495,1495,1535,1500,1595,1595,1550,1497.5,1550,1550,1500,1450,1497,1495,1572.5,1500,1575,1632.5,1625,1650,1650,1600,1650,1695,1650,1650,1650,1650
"28546","Jacksonville","NC","Jacksonville","Onslow",82,,,1250,1250,1200,1250,1257,1300,1300,1300,1250,1250,1195,1195,1150,1200,1250,1250,1250,1200,1242,1212.5,1199,1150,1150,1160,1175,1185,1250,1200,1200,1195,1175,1195,1112.5,1100,1100,1095,1085,1100,1200,1200,1200,1200,1197.5,1150,1100,1100,1100,1100,1100,1150,1195,1175,1150,1100,1100,1100,1100,1100,1150,1100,1112.5,1200,1200,1150,1150,1212.5,1100,1200,1100,1050,1100,1147.5,1150,1175,1200,1250,1200,1150,1100,1100,1100,1125
"89129","Las Vegas","NV","Las Vegas","Clark",83,,,,,,,,,,,,,,,,,,,,,,,,,,,,,,,,,,,,,,,,,,,,,,,,,,,,,,,,,,,,,,,,,,,,,,,,,1557.5,1495,1495,1500,1495,1511,1612.5,1500,1495,1600,1600,1550
"30114","Canton","GA","Atlanta","Cherokee",84,,,,,,,,,,,,,,,,,,,,,,,,,,,,,,,,,,,,,,,,,,,,,,,,,,,,,,,,,,,,,,,,,,,,,,,,1475,1510,1500,1525,1550,1550,1615,1599.5,1587.5,1577.5,1565,1575,1600
"92880","Eastvale","CA","Riverside","Riverside",85,,,,,,,,,,,,,2300,2300,2300,2350,2300,2300,2300,2300,2300,2295,2300,2300,2300,2300,2300,2300,2285,2265,2300,2300,2300,2350,2300,2300,2300,2300,2300,2300,2300,2300,2350,2350,2300,2345,2300,2300,2300,2300,2300,2375,2325,2400,2400,2400,2400,2400,2400,2400,2400,2400,2437.5,2425,2400,2450,2500,2500,2300,2455,2500,2450,2497,2550,2550,2600,2568.5,2550,2550,2572.5,2550,2550,2500,2500
"93312","Bakersfield","CA","Bakersfield","Kern",86,,,,,,,,,,,,,,,,,,,,,,,,,,,,,,,,,,,,,,,,,,,,,,,,,,,,,,,,,,,,,,,,,,,,,,,,1600,1650,1650,1650,1650,1650,1662.5,1750,1750,1700,1725,1750,1750
"75025","Plano","TX","Dallas-Fort Worth","Collin",87,,,,,,,,,,,,,,,,,,,,,,,,,,,,,1925,1970,1900,1900,1950,1950,1995,2022.5,1995,1950,1950,1950,1972.5,1995,2095,2097.5,1995,1995,1999,1995,1950,1995,2000,2095,2000,2100,2150,2200,2100,2147.5,2100,2072,1999.5,2072.5,2000,2000,2100,2100,2150,2200,2146,1995,2100,1995,2075,2150,2100,2195,2250,2200,2197.5,2150,2150,2100,2000,2000
"78253","San Antonio","TX","San Antonio","Bexar",88,,,,,,,,,,,,,,,,,,,,,,,,,,,,,,,,,,,,,,,,,,,,,,,,,,,,,,,,,,,,,,,,,,,,,,,1600,1615,1689,1697.5,1695,1697.5,1787.5,1797.5,1800,1800,1750,1692,1725,1695
"78258","San Antonio","TX","San Antonio","Bexar",89,,,,,,,,,,,,,,,,,,,,,,,,,,,,,,,,,,,,,,,,,,,,,,,,,,,,,,,,,,,,,,,,,,,,,,2112.5,2000,2097.5,2272,2283.5,2265,2265,2255,2325,2265,2395,2250,2089,2098,2186
"33578","Riverview","FL","Tampa","Hillsborough",90,,,,,,,,,,,,,,,,,,,,,,,,,,,,,,,,,,,,,,,,,,,,,,,,,,,,,,,,,,,,,,,,,,,,,,,,1500,1519,1550,1550,1517,1525,1550,1600,1600,1575,1600,1550,1550
"22554","Stafford","VA","Washington","Stafford",91,,,,,,,,,,,,,,,,,,,,,,,,,,,,,,,,,,,,,,,,,,,,,,,,,,,,,,,,,,,,,,,,,,,,,,,,,2100,2150,2100,2272.5,2272.5,2200,2200,2100,2172.5,2150,2200,2175
"75068","Little Elm","TX","Dallas-Fort Worth","Denton",92,,,,,,,,,,,,,,,,,,,,,,,,,,,1695,1650,1650,1600,1650,1650,1600,1625,1600,1597.5,1597.5,1600,1597.5,1600,1650,1697.5,1650,1650,1695,1695,1700,1750,1795,1700,1737.5,1697.5,1750,1795,1797.5,1850,1850,1800,1785,1800,1895,1837.5,1850,1850,2000,1795,1772.5,1897.5,1850,1950,1800,1795,1795,1862.5,1800,1950,1995,1900,1950,1900,1900,1895,1850,1850
"66502","Manhattan","KS","Manhattan","Riley",93,,,,,,,,,,,,,,,,,,,,,,,,,,,,,,,,,,,,,,,,,,,,,,,,,,,,,,,,,,,,,,,,,,,,,,,,,1400,1425,1400,1300,1300,1300,1225,1200,1195,1147.5,1277.5,1400
"33033","Homestead","FL","Miami-Fort Lauderdale","Miami-Dade",94,,,,,,,,,,,,,,,,,,,,,,,,,,,,,,,,,,,,,,,,,,,,,,,,,,,,,,,,,,,,,,,,,,,,,,1725,1600,1699.5,1800,1800,1800,1775,1800,1800,1800,1775,1825,1850,1810.5,1825
"75071","McKinney","TX","Dallas-Fort Worth","Collin",95,,,,,,,,,,,,,,,,,,,,,,,,,,,,,,,,,,,,,,,,,,,,,,,,,,,,,,,,,,,,,,,,,,,,,,,,,1795,1900,1950,1950,1950,1900,1895,1895,1837.5,1812.5,1850,1850
"28173","Waxhaw","NC","Charlotte","Union",96,,,,,,,,,,,,,,,,,,,,,,,,,,,,,,,,,,,,,,,,,,,,,,,,,,,,,,,,,,,,,,,,,,,,,,,,,2149,2080,2099,2089,1995,2097.5,2195,2195,2195,2095,2085,2090
"33178","Doral","FL","Miami-Fort Lauderdale","Miami-Dade",97,2500,2500,2500,2562.5,2500,2650,2600,2600,2500,2500,2575,2575,2672.5,2650,2650,2700,2700,2700,2800,2600,2595,2600,2650,2700,2600,2600,2600,2700,2800,2750,2712.5,2700,2650,2662.5,2650,2650,2650,2650,2600,2590,2699,2750,2800,2800,2750,2750,2700,2700,2700,2800,2800,2800,2899.5,3000,2850,2899.5,2950,3000,2900,2900,2900,2900,2950,2950,3000,2850,2850,2874.5,2950,2900,2900,2750,2800,2850,2900,2900,2800,2925,2990,2900,2900,2900,2900,2900
"92618","Irvine","CA","Los Angeles-Long Beach-Anaheim","Orange",98,,,,,,,,,,,,,,,,,,,,,,,,,,,,,,,,,,,,,,,,,,,,,,,,,,,,,,,,,,,,,,,,,,,,,,,,,4000,4175,4100,4100,4100,4000,4125,4175,4150,4200,4250,4050
"75024","Plano","TX","Dallas-Fort Worth","Collin",99,,,,,,,,,,,,,,,,,,,,,,,,,,,,,,,,,,,,,,,,,,,,,,,,,,,,,,,,,,,,,,,,,,,,,,,2397.5,2695,2295,2450,2295,2295,2345,2400,2300,2422.5,2400,2200,2200,2250
"28117","Mooresville","NC","Charlotte","Iredell",100,,,,,,,,,,,,,,,,,,,,,,,,,,,,,,,,,,,,,,,,,,,,,,,,,,,,,,,,,,,,,,,,,,,,,,,,,1782.5,1800,1800,1872.5,1972.5,1825,1995,1895,1795,1745,1735,1795
"77407","Richmond","TX","Houston","Fort Bend",101,,,,,,,,,,,,,,,,,,,,,,,,,,,,,,,,,,,,,,,1897.5,1900,2000,2095,2100,2150,1950,1900,1972.5,2100,2197.5,1932.5,1825,1895,1925,1895,1872.5,1850,1850,1850,1890,1900,1975,1850,1850,1950,1800,1990,1899,1900,1925,1950,1849,1825,1950,1950,1950,1950,1950,1897,1897.5,1962.5,1962.5,1999,2000,1900
"30809","Evans","GA","Augusta","Columbia",102,,,,,,,,,,,,,,,,,,,,,,,,,,,,,,,,,,,,,,,,,,,,,,,,,,,,,,,,,,,,,,,,,,,,,,,,1495,1500,1575,1595,1562.5,1595,1650,1600,1550,1595,1597.5,1575,1595
"30097","Duluth","GA","Atlanta","Gwinnett",103,,,,,,,,,,,,,,,,,,,,,,,,,,,,,,,,,,,,,,,,,,,,,,,,,,,,,,,,,,,,,,,,,,,,,,,,,1970,2100,2050,2000,2025,2095,2200,2100,2069.5,1999.5,1995,2047.5
"77406","Richmond","TX","Houston","Fort Bend",104,,,,,,,,,,,,,,,,,,,,,,,,,,,,,,,,,,,,,,,,,,,,,,,,,,,,,,,,,,,,,,,,,,,,,,,,,1825,1850,1800,1885,1995,1950,1995,2100,2000,1995,1900,1995
"19121","Philadelphia","PA","Philadelphia","Philadelphia",105,,,,,,,,,,,,,,,,,,,,,,,,,,,,,,,,,,,2400,2200,2200,2200,2200,2200,2000,2000,2000,2000,2000,2000,2200,2200,2200,2200,2200,2200,2200,2100,2100,2000,2200,2300,2300,2200,2200,2200,2200,2200,2200,2180,2100,2000,2050,2200,2300,2400,2200,2200,2200,2250,2200,2200,2200,2200,2300,2400,2300,2300
"77469","Richmond","TX","Houston","Fort Bend",106,,,,,,,,,,,,,,,,,,,,,,,,,,,,,,,,,,,,,,,,,,,,,,,,,,,,,,,,,,,,,,,,,,,,,,,,,1875,1900,1850,1850,1850,1800,1800,1800,1750,1825,1895,1825
"77388","Spring","TX","Houston","Harris",107,,,,,,,,,,,,,,,,,,,,,,,,,,,,,,,,,,,,,,,,,,,,,,,,,,,,,,,,,,,,,,,,,,,,,,,,,1700,1650,1695,1650,1675,1695,1695,1695,1695,1700,1725,1825
"32259","Fruit Cove","FL","Jacksonville","Saint Johns",108,,,,,,,,,,,,,,,,,,,,,,,,,,,,,,,,,,,,,,,,,,,,,,,,,,,,,,,,,,,,,,,,,,,,,,,,,1899,1872.5,1900,2125,1997.5,2067.5,2099.5,2037.5,1925,1950,1995,2034.5
"78109","Converse","TX","San Antonio","Bexar",109,,,,,,,,,,,,,,,,,,,,,,,,,,,,,,,,,,,,,,,,,,,,,,,,,,,,,,,,,,,,,,,,,,,,,,,,,1400,1400,1400,1400,1400,1450,1475,1450,1400,1450,1450,1450
"89131","Las Vegas","NV","Las Vegas","Clark",110,,,,,,,,,,,,,,,,,,,,,,,,,,,,,,,,,,,,,,,,,,,,,,,,,,,,,,,,,,,,,,,,,,,,,,,,,1595,1660,1650,1695,1695,1740,1695,1695,1600,1597,1677.5,1695
"34746","Kissimmee","FL","Orlando","Osceola",111,,,,,,,,,,,,,,,,,,,,,,,,,,,,,,,,,,,,,,,,,,,,,1350,1400,1395,1395,1395,1400,1495,1460,1450,1450,1450,1495,1450,1450,1500,1495,1500,1500,1525,1512.5,1550,1495,1500,1600,1550,1500,1525,1500,1595,1500,1595,1650,1597.5,1525,1550,1600,1600,1550,1572.5,1600
"34786","Windermere","FL","Orlando","Orange",112,,,,,,,,,,,,,,1925,2200,2100,2100,2150,2225,2050,2200,2212.5,2000,2212.5,2000,1975,1950,1995,2200,2295,2295,2272.5,2295,2200,2195,2100,2100,2100,2100,2100,2062.5,1900,2000,2000,2000,2050,1995,1995,2062.5,2095,2097.5,2200,2150,2275,2150,2350,2300,2250,2150,2100,2150,2200,2300,2350,2337.5,2425,2200,2249,2422.5,2232.5,2297.5,2312.5,2322.5,2397.5,2250,2500,2500,2424.5,2602.5,2525,2475,2450,2345,2400
"32712","Apopka","FL","Orlando","Orange",113,,,,,,,,,,,,,,,,,,,,,,,,,,,,,,,,,,,,,,,,,,,,,,,,,,,,,,,,,,,,,,,,,,,,,,,,,1750,1785,1737.5,1800,1750,1825,1755,1760,1779.5,1783,1775,1800
"33196","The Hammocks","FL","Miami-Fort Lauderdale","Miami-Dade",114,,,,2025,2150,2150,2150,2292.5,2300,2250,2200,2100,2200,2200,2200,2175,2175,2100,2270,2300,2200,2185,2200,2200,2200,2200,2300,2300,2300,2300,2300,2300,2289,2289,2299,2252.5,2268,2297,2299,2250,2295,2250,2272.5,2310,2300,2300,2300,2325,2300,2200,2262.5,2312.5,2272.5,2300,2300,2290,2292.5,2300,2400,2300,2300,2300,2300,2250,2450,2350,2500,2337.5,2450,2395,2265,2225,2250,2300,2291,2400,2450,2425,2450,2485,2495,2497.5,2450,2475
"30039","Snellville","GA","Atlanta","Gwinnett",115,,,,,,,,,,,,,,,,,,,,,,,,,,,,,,,,,,,,,,,,,,,,,,,,,,,,,,,,,,,,,,,,,,,,,,,,1387,1399,1469,1495,1479.5,1487,1559,1529,1498,1495,1495,1495,1495
"30519","Buford","GA","Atlanta","Gwinnett",116,,,,,,,,,,,,,,,,1295,1300,1350,1350,1300,1295,1372.5,1362.5,1350,1395,1395,1395,1395,1317.5,1372.5,1375,1397.5,1400,1400,1400,1400,1400,1400,1400,1400,1437.5,1400,1400,1425,1400,1450,1450,1462.5,1450,1450,1500,1500,1525,1500,1500,1495,1495,1480,1500,1547,1500,1500,1547.5,1540,1500,1500,1525,1500,1500,1507.5,1500,1460,1500,1550,1595,1600,1600,1648,1640.5,1670,1645,1650,1650,1650
"30813","Grovetown","GA","Augusta","Columbia",117,,,,,,,,,,,,,,,,,,,,,,,,,,,1297.5,1300,1295,1275,1275,1237.5,1200,1225,1250,1250,1250,1250,1250,1250,1250,1250,1295,1295,1295,1295,1250,1250,1295,1350,1350,1295,1295,1300,1300,1350,1300,1295,1295,1300,1300,1300,1350,1395,1395,1395,1350,1362.5,1250,1297.5,1275,1300,1325,1350,1400,1400,1400,1350,1350,1395,1400,1395,1375,1350
"30126","Mableton","GA","Atlanta","Cobb",118,,,,,,,,,,,,,,,,,,,,,,,,,,,,,,,,,,,,,,,,,,,,,,,,,,,,,,,,,,,,,,,,,,,,,,,,,1849,1777,1827.5,1825,1950,1950,1950,1950,1950,1950,1860,1800
"02472","Watertown","MA","Boston","Middlesex",119,,,,,,,,,,,,,,,,,,,,,,,,,,,,,,,,,,,,,,,,,,,,,,,,,,,,,,,,,,,,,,,,,,,,,,,,,2900,3100,3100,3100,3200,3100,3000,2950,2950,2850,2850,2850
"02130","Boston","MA","Boston","Suffolk",120,,,,,,,,,,,,,,,,,,,,,,,,,3000,3000,3000,3000,3000,3200,3100,3200,3200,3000,3000,3200,3200,3187.5,3000,3000,3000,3097.5,3100,3000,3000,3000,3150,3150,3325,3300,3400,3400,3400,3400,3200,3200,3000,3000,3000,3200,3300,3500,3400,3400,3400,3400,3400,3400,3400,3100,3200,2975,3400,3475,3475,3600,3600,3650,3600,3495,3495,3495,3550,3600
"32824","Orlando","FL","Orlando","Orange",121,,,,,,,,,,,,,,,,,,,,,,,,,,,,,,,,,,,,,,,,,,,,,,,,,,,,,,,,,,,,,,,,,,,,,,,1525,1575,1650,1695,1627,1600,1625,1695,1695,1724.5,1700,1720.5,1750,1720
"30115","Canton","GA","Atlanta","Cherokee",122,,,,,,,,,,,,,,,,,,,,,,,,,,,,,,,,,,,,,,,,,,,,,,,,,,,,,,,,,,,,,,,,,,,,,,,,,1550,1699,1710,1707,1715,1685,1695,1670,1670,1677.5,1695,1680
"89128","Las Vegas","NV","Las Vegas","Clark",123,,,,,,,,,,,,,,,,,,,,,,,,,,,,,,,,,,,,,,,,,,,,,,,,,,,,,,,,,,,,,,,,,,,,,,,,,1450,1500,1475,1697.5,1600,1650,1737.5,1650,1650,1600,1597.5,1627.5
"02139","Cambridge","MA","Boston","Middlesex",124,,,,,,,,,,,,,,,,,,,,,,,,,,4000,4000,4000,4000,3750,3800,3900,3825,3987.5,3975,3937.5,3850,3950,3950,3925,3925,3850,4000,4000,3850,3800,3550,3599,3800,3925,4000,4000,4000,4000,3887.5,3800,3599,3300,3250,3450,3500,3800,4000,4200,4400,4100,4150,4200,4100,3750,3800,3800,4000,4100,4200,4250,4400,4400,4300,4200,4200,4200,4000,4000
"33193","Kendall West","FL","Miami-Fort Lauderdale","Miami-Dade",125,,,,,,,,,,,,,,,,,,,,,,,,,,,,,,,,,,,,,,,,,,,,,,,,,,,,,,,,,,,,,,,,,,,,,,,,,2300,2300,2300,2295,2295,2174.5,2200,2300,2345,2295,2300,2400
"33018","Hialeah","FL","Miami-Fort Lauderdale","Miami-Dade",126,,,,,,,,,,,,,,,,,,,,,,,,,,,,,,,,,,,,,,,,,,,,,,,,,,,,,,,,,,,,,,,,,,,,,,,,,2575,2700,2725,2700,2675,2750,2700,2737.5,2787.5,2775,2700,2650
"33032","Princeton","FL","Miami-Fort Lauderdale","Miami-Dade",127,,,,,,,,,,,,,,,,,,,,,,,,,,,,,,,,,,,,,,,,,,,,,,,,,,,,,,,,,,,,,,,,,,,1850,1985,2075,1875,1800,1800,1855,2000,2000,1999,1950,1950,1962.5,1950,1950,1950,1950,1950
"94582","San Ramon","CA","San Francisco","Contra Costa",128,,,,,,,,,,,,,,,,,,,,,,,,,,,,,,,,,,,,,,,,,,,,,,,,,,,,,,,,,,,,,,,,,,,,,,,,,3900,4250,4300,4300,4300,4500,4500,4495,4295,4295,4200,3995
"98006","Bellevue","WA","Seattle","King",129,,,,,,,,,,,,,,,,,,,,,,,,,,,,,,,,,,,,,,,,,,,,,,,,,,,,,,,,,,,,,,,,,,,,,,,,,3200,3400,3397.5,3400,3300,3500,3599,3300,3250,3175,3100,3100
"02446","Brookline","MA","Boston","Norfolk",130,,,,,,,,,,,,3300,3500,3500,3500,3600,3600,3600,3600,3600,3600,3700,3700,3700,3750,3795,3800,3800,3800,3800,3800,3700,3700,3695,3800,3800,3925,4000,4000,4100,3997.5,4000,3900,3800,3700,3700,3800,3950,4000,4000,4000,4000,4000,4000,4000,3950,3800,3800,4000,4150,4200,4200,4150,4100,4000,4000,4000,3950,3900,3850,3800,4100,4450,4450,4200,4200,4200,4100,4100,4200,4150,4100,4500,4800
"89149","Las Vegas","NV","Las Vegas","Clark",131,,,,,,,,,,,,,,,,,,,,,,,,,,,,,,,,,,,,,,,,,,,,,,,,,,,,,,,,,,,,,,,,,,,,,,,,,1472.5,1445,1575,1760,1572.5,1650,1780,1600,1600,1497.5,1462.5,1500
"89139","Las Vegas","NV","Las Vegas","Clark",132,,,,,,,,,,,,,,,,,,,,,,,,,,,,,,,,,,,,,,,,,,,,,,,,,,,,,,,,,,,,,,,,,,,,,,,,,1495,1519.5,1600,1537.5,1595,1600,1695,1600,1600,1675,1650,1650
"33029","Pembroke Pines","FL","Miami-Fort Lauderdale","Broward",133,,,,,,,,,,,,,,,,,,,,,,,,,,,,,,,,,,,,,,,,,,,,,,,,,,,,,,,,,,,,,,,,,,,,,,,,,2690,2622,2615,2630,2690,2600,2650,2600,2625,2600,2650,2630
"94531","Antioch","CA","San Francisco","Contra Costa",134,,,,,,,,,,,,,,,,,,,,,,,,,,,,,,,,,,,,,,,,,,,,,,,,,,,,,,,,,,,,,,,,,,,,,,,,2100,2300,2300,2300,2350,2150,2300,2300,2465,2400,2300,2387.5,2400
"77073","Houston","TX","Houston","Harris",135,,,,,,,,,,,,,,,,,,,,,,,,,,,,,,,,,,,,,,,,,,,,,,,,,,,,,,,,,,,,,,,,,,,,,,,,1400,1400,1395,1425,1425,1425,1450,1445,1450,1440,1440,1425,1425
"89178","Las Vegas","NV","Las Vegas","Clark",136,,,,,,,,,,,,,,,,,,,,,,,,,,,,,,,,,,,,,,,,,,,,,,,,,,,,,,,,,,,,,,,,,,,,,,,,,1550,1495,1595,1595,1550,1597.5,1595,1600,1625,1595,1650,1672.5
"32065","Orange Park","FL","Jacksonville","Clay",137,,,,,,,,,,,,,,,,,,,,,,,,,,,,,,,,,,,,,,,,,,,,,,,,,,,,,,,,,,,,,,,,,,,,,,,,,1575,1500,1575,1595,1625,1682.5,1625,1572,1605,1625,1600,1597.5
"73012","Edmond","OK","Oklahoma City","Oklahoma",138,,,,,,,,,,,,,,,,,,,,,,,,,,,,,,,,,,,,,,,,,,,,,,,,,,,,,,,,,,,,,,,,,,,,,,,,,1795,1695,1645,1645,1745,1850,1745,1640,1495,1500,1650,1622.5
"32092","Saint Augustine","FL","Jacksonville","Saint Johns",139,,,,,,,,,,,,,,,,,,,,,,,,,,,,,,,,,,,,,,,,,,,,,,,,,,,,,,,,,,,,,,,,,,,,,,,,,1797.5,1775,1800,1875,1875,1895,1917.5,1895,1875,1800,1845,1885
"02118","Boston","MA","Boston","Suffolk",140,,,,,,,,,,,,,,,,,,,,,,,,,,,,,,,,,,,,,,,,,,,,,,,,,,,,,,,,,,,,,,,,,,,,,,,,,5200,5200,5250,5200,5250,5000,5000,5000,5000,5000,5000,5000
"02840","Newport","RI","Providence","Newport",141,,,,,,,,,,,,,,,,,,,,,,,,,,,,,,,,,,,,,,,,,,,,,,,,,,,,,,,,,,,,,,,,,,,2200,2300,2285,2350,2400,2450,2500,2700,2725,2600,2600,2400,2600,2400,2400,2400,2450,2600
"33594","Valrico","FL","Tampa","Hillsborough",142,,,,,,,,,,,,,,,,,,,,,,,,,,,,,,,,,,,,,,,,,,,,,,,,,,,,,,,,,,,,,,,,,,,,,,,,,1599,1609,1687,1699,1760,1850,1750,1682.5,1630,1650,1675,1590
"77389","The Woodlands","TX","Houston","Montgomery",143,,,,,,,,,,,,,,,,,,,,,,,,,,,,,,,,,,,,,,2500,2475,2500,2690,2500,2472.5,2625,2500,2500,2500,2500,2500,2500,2525,2500,2600,2600,2575,2500,2500,2437.5,2400,2450,2397.5,2400,2400,2500,2500,2400,2600,2450,2400,2370,2400,2300,2310,2200,2325,2350,2365,2300,2300,2250,2200,2200,2400,2500
"02125","Boston","MA","Boston","Suffolk",144,,,,,,,,,,,,,,,,,,,,,,,,,,,,,,,,,,,,,,,,,,,,,,,,,,,,,,,,,,,,2350,2700,2800,2900,2900,2800,3000,2800,2750,2650,2500,2400,2600,3000,3000,3100,3200,3200,3200,3100,3100,3000,2850,2850,2900
"33076","Coral Springs","FL","Miami-Fort Lauderdale","Broward",145,,,,,,,,,,,,,,,,,,,,,,,,,,,,,,,,,,,,,,,,,,,,,,,,,,,,,,,,,,,,,,,,,,,,,,,,3072.5,2800,2797.5,2800,2825,3007.5,2987.5,2950,3200,3250,3350,3400,2950
"11937","East Hampton","NY","New York","Suffolk",146,,,,,,,,,,,,,,,,,,,,,,,,,,,,,,,,,,,,,,,,,,,,,,,,,,,,,,,,,,,,,,,,,,,,,,,,,45000,45000,40000,40000,39900,39700,37500,35000,38000,39000,35000,35000
"89081","North Las Vegas","NV","Las Vegas","Clark",147,,,,,,,,,,,,,1225,1235,1200,1250,1272.5,1300,1250,1197,1200,1200,1195,1200,1200,1195,1200,1200,1200,1200,1245,1235,1225,1250,1275,1200,1200,1200,1250,1200,1250,1250,1200,1200,1200,1250,1250,1250,1249,1250,1250,1250,1250,1200,1225,1250,1250,1200,1225,1250,1250,1295,1292.5,1295,1250,1295,1250,1295,1250,1250,1250,1250,1295,1304.5,1350,1395,1395,1375,1375,1350,1400,1400,1397.5,1350
"30045","Lawrenceville","GA","Atlanta","Gwinnett",148,,,,,,,,,,,,,,,,,,,,,,,,,,,,,,,,,,,,,,,,,,,,,,,,,,,,,,,,,,,,,,,,,,,,,,,,1495,1472,1457.5,1495,1537.5,1560,1547.5,1500,1525,1535,1545,1535,1547.5
"77041","Houston","TX","Houston","Harris",149,,,,,,,,,,,,,,,,,,,,,,,,,,,,,,,,,,,,,,,,,,,,,,,,,,,,,,,,,,,,,,,,,,,,,,,,,2825,2825,2800,2700,2925,3050,2900,2950,2972.5,2550,2500,2650
"77493","Katy","TX","Houston","Harris",150,,,,,,,,,,,,,,,,,,,,,,,,,,,,,,,,,,,,,,,,,,,,,,,,,,,,,,,,,,,,,,,,,,,,,,,,,1714.5,1725,1792.5,1800,1812.5,1800,1800,1850,1875,1850,1850,1725
"02119","Boston","MA","Boston","Suffolk",151,,,,,,,,,,,,,,,,,,,,,,,,,,,,,,,,,,,,,,,,,,,,,,,,,,,,,,,,,,,,,,,,,,,,,,,,,3300,3262.5,3300,3300,3300,3250,3075,3000,2900,2900,3200,3200
"89141","Las Vegas","NV","Las Vegas","Clark",152,,,,,,,,,,,,,,,,,,,,,,,,,,,,,,,,,,,,,,,,,,,,,,,,,,,,,,,,,,,,,,,,,,,,,,,,,1585,1591,1600,1650,1600,1672.5,1612.5,1725,1650,1600,1617.5,1600
"02143","Somerville","MA","Boston","Middlesex",153,,,,,,,,,,,,,,,,,,,,,,,,,,,,,,,,,,,,,,3250,3400,3500,3500,3400,3400,3400,3400,3400,3200,3200,3200,3200,3500,3400,3550,3600,3600,3500,3300,3350,3000,3000,3000,3000,3500,3600,3600,3800,3600,3800,3625,3200,3200,3000,3000,3400,3600,3750,3780,3800,3800,3500,3500,3800,3600,3400
"32003","Fleming Island","FL","Jacksonville","Clay",154,,,,,,,,,,,,,,,,,,,,,,,,,,,,,,,,,,,,,,,,,,,,,,,,,,,,,,,,,,,,,,,,,,,,,,,,,1695,1699.5,1750,1850,1850,1900,1895,1875,1850,1775,1775,1787.5
"02145","Somerville","MA","Boston","Middlesex",155,,,,,,,,,,,,,,,,,,,,,,,,,2400,2500,2500,2500,2500,2600,2500,2600,2600,2600,2400,2400,2450,2600,2600,2800,2825,2900,2875,2887.5,2850,2600,2600,2600,2600,2700,2900,2950,2875,2950,2900,2875,2800,2800,2800,2800,2850,2900,3000,3000,3200,3175,3200,3175,3175,2950,2900,2900,3100,3275,3400,3462.5,3475,3475,3475,3475,3300,3325,3312.5,3250
"02144","Somerville","MA","Boston","Middlesex",156,,,,,,,,,,,,,,,,3000,3200,3000,3000,3000,3000,3000,3000,3000,3000,3000,3350,3350,3300,3400,3350,3250,3200,3250,3200,3200,3200,3200,3200,3300,3200,3425,3500,3400,3200,3250,3200,3200,3200,3200,3325,3500,3600,3650,3700,3600,3400,3500,3500,3500,3400,3400,3700,3600,3750,3900,4000,3750,3400,3350,3400,3400,3500,3600,4000,4100,4000,4000,3900,3800,3600,3600,3600,3600
"33579","Riverview","FL","Tampa","Hillsborough",157,,,,,,,,,,,,1295,1325,1350,1350,1372.5,1350,1350,1325,1350,1375,1390,1350,1412.5,1500,1475,1450,1475,1500,1550,1545,1500,1500,1495,1475,1475,1412.5,1450,1400,1400,1500,1485,1485,1495,1500,1485,1497.5,1495,1495,1475,1477.5,1507.5,1512.5,1550,1525,1550,1525,1500,1500,1495,1525,1550,1550,1537.5,1550,1550,1595,1550,1580,1550,1572,1500,1595,1597,1599.5,1625,1645,1657.5,1639,1650,1657.5,1595,1595,1600
"33596","Valrico","FL","Tampa","Hillsborough",158,,,,,,,,,,,,,,,,,,,,,,,,,,,,,,,,,,,,,,,,,,,,,,,,,,,,,,,,,,,,,,,,,,,,,,,,,1847.5,1859,1885,1975,1999.5,2000,1995,1945,1945,1900,1900,1945
"79934","El Paso","TX","El Paso","El Paso",159,,,,,,,,,,,,,,,,,,,,,,,,,,,,,,,,,,,,,,,,,,,,,,,,,,,,,,,,,,,,,,,,,,,,,,,,,1200,1197,1200,1250,1275,1295,1295,1312.5,1250,1250,1235,1242.5
"89084","North Las Vegas","NV","Las Vegas","Clark",160,,,,,,,,,,,,,,,,,,,,,,,,,,,,,,,,,,,,,,,,,,,,,,,,,,,,,,,,,,,,,,,,,,,,,,,,,1450,1500,1500,1500,1550,1575,1575,1592.5,1597.5,1599,1597,1595
"02134","Boston","MA","Boston","Suffolk",161,,2600,2825,2800,2800,2700,2700,2700,2750,2600,2600,2800,3000,3000,3000,2950,2900,2800,2800,2800,2800,2800,2800,2900,3000,3050,3050,3000,3000,3000,3000,3000,3000,2995,3000,3000,3200,3200,3200,3200,3200,3200,3200,3200,3200,3000,3000,3200,3300,3400,3300,3300,3200,3200,3200,3200,3100,3100,3200,3400,3500,3500,3497,3500,3496,3400,3400,3232.5,3300,3200,3100,3500,3600,3600,3600,3600,3600,3500,3500,3500,3500,3200,3600,3795
"02140","Cambridge","MA","Boston","Middlesex",162,,,,,,,,,,,,,,,,,,,,,,,,,,,,,,,,,,,,,,,,,,,,,,,,,,,,,,,,,,,,,,,,,,,,,,,,,4400,4500,4600,4400,4400,4400,4250,4000,3999,3800,3999,3800
"33547","Riverview","FL","Tampa","Hillsborough",163,,,,,,,,,,,,,,,,,,,,,,,,,,,,,,,,,,,,,,,,,,,,,,,,,,,,,,,,,,,,,,,,,,,,,,,,,1997.5,2200,2200,2225,2150,2109.5,2200,2100,2150,2000,1970,2097.5
"94506","Danville","CA","San Francisco","Contra Costa",164,,,,,,,,,,,,,,,,,,,,,,,,,,,,,,,,,,,,,,,,,,,,,,,,,,,,,,,,,,,,,,,,,,,,,,,,,4600,4500,4300,4400,4800,4950,4750,4650,4495,4495,4400,4500
"33897","Davenport","FL","Lakeland","Polk",165,,,,,,,,,,,,,,,,,,,,,,,,,,,,,,,,,,,,,,,,,,,,,,,,,,,,,,,,,,,,,,,,,,,,,,,,,1600,1595,1569.5,1500,1575,1605,1650,1625,1665,1650,1600,1672.5
"02445","Brookline","MA","Boston","Norfolk",166,,,,,,,,,,,,,,3000,3200,3200,3200,3200,3200,3200,3200,3100,3100,3100,3100,3200,3250,3250,3200,3300,3400,3300,3300,3200,3200,3200,3200,3400,3400,3425,3525,3700,3800,3700,3600,3400,3347.5,3400,3500,3600,3600,3600,3600,3600,3500,3400,3500,3400,3400,3400,3450,3795,3800,3800,3800,3750,3650,3600,3650,3475,3600,3400,3800,3800,3800,3875,4000,4000,3999,3950,3875,3800,3800,3800
"78261","San Antonio","TX","San Antonio","Bexar",167,,,,,,,,,,,,,,,,,,,,,,,,,,,,,,,,,,,,,,,,,,,,,,,,,,,,,,,,,,,,,,,,,,,,,,,,,2196.5,2194,2087.5,2100,2100,2100,2095,2095,2012,1972.5,1850,1837.5
"33185","Kendall West","FL","Miami-Fort Lauderdale","Miami-Dade",168,,,,,,,,,,,,,,,,,,,,,,,,,,,,,,,,,,,,,,,,,,,,,,,,,,,,,,,,,,,,,,,,,,,,2537.5,2400,2525,2500,2525,2500,2514.5,2550,2557.5,2600,2600,2600,2500,2550,2600,2665,2620
"02141","Cambridge","MA","Boston","Middlesex",169,,,,,,,,,,,,,,,,,,,,,,,,,,,,,,,,,,,,,,,,,,,,,,,,,,,,,,,,,,,,,,,,,,,,,,,,,4000,4000,4000,4000,3950,4000,4000,3650,3750,4000,4000,4000
"11963","Noyack","NY","New York","Suffolk",170,,,,,,,,,,,,,,,,,,,,,,,,,,,,,,,,,,,,,,,,,,,,,,,,,,,,,,,,,,,,,,,,,,,,,,,,45000,40000,45000,41675,40000,40000,40000,40000,36000,40000,40000,37250,37000
"02120","Boston","MA","Boston","Suffolk",171,,,,,,,,,,,,3500,3400,3400,3400,3250,3250,3300,3300,3400,3400,3400,3400,3500,3600,3600,3600,3600,3600,3600,3600,3600,3600,3600,3750,3800,3800,3800,3800,3900,3900,3825,3887.5,3800,3700,3800,3900,4000,4000,4000,4000,3900,3950,3900,3900,3700,3600,3600,3750,4000,4100,4100,4100,4000,4000,3900,3800,3750,3600,3537.5,3712.5,3995,4200,4200,4200,4100,4000,4000,3900,3800,3800,3900,4000,4200
"02458","Newton","MA","Boston","Middlesex",172,,,,,,,,,,,,,,,,,,,,,,,,,,,,,,,,,,,,,,,,,,,,,,,,,,,,,,,,,,,,,,,,,,,,,,,,,3200,3300,3500,3550,3600,3400,3400,3400,3300,3500,3300,3300
"02113","Boston","MA","Boston","Suffolk",173,,,,,,,,,,,,,,,,,,,,,,,,,,,,,,,,,,,,,,,,,,,,,,,,,,,,,,,,,,,,,,,,,,,,,,,,,5200,5200,5200,4950,4950,5200,5200,5225,5200,4950,4950,5025
"11976","Water Mill","NY","New York","Suffolk",174,,,,,,,,,,,,,,,,,,,,,,,,,,,,,,,,,,,,,,,,,,,,,,,,,,,,,,,,,,,,,,,,,,,,,,,,50000,50000,50000,50000,49500,50000,50000,45000,43500,50000,50000,50000,50000
